Rebalance Date,Strategy,BF-B,BTI,BUD,CCOEY,CELH,CMG,DEO,DPZ,GOOGL,KDP,KO,MCD,META,MNST,MO,MSFT,NTDOY,PEP,PM,PRNDY,QSR,SNAP,STZ,TCEHY,TPB,TTWO,UBSFY,UVV,YUM
2016-01-01,Equal Weight,0.03846153846154721,0.03846153846154721,0.03846153846154721,0.03846153846154721,0.03846153846154721,0.03846153846154721,0.03846153846154721,0.03846153846154721,0.03846153846154721,0.03846153846154721,0.03846153846154721,0.03846153846154721,0.03846153846154721,0.03846153846154721,0.03846153846154721,0.03846153846154721,0.03846153846154721,0.03846153846154721,0.03846153846154721,0.03846153846154721,0.0,0.0,0.03846153846154721,0.03846153846154721,0.0,0.03846153846154721,0.03846153846154721,0.03846153846154721,0.03846153846154721
2016-01-01,Max Sharpe,0.0,0.0,0.0,0.039763472078159785,0.03520827307972569,0.001755054703573044,0.0,0.12169352191475483,0.0,0.1937875407896022,0.0,0.0,0.1508695438340989,0.030069583768561742,0.11492551502951104,0.0,0.0,0.0,0.0,0.0,0.0,0.0,0.1679052528737911,0.06696085147739526,0.0,0.05208875513601691,0.024972635314253127,0.0,0.0
2016-01-01,Inverse Volatility,0.04751956929351177,0.04478117458452348,0.04441418685675847,0.030372706337467484,0.009572957680683001,0.03323934842836332,0.04755520770970095,0.04146981828003914,0.03284672181979376,0.050794017417933324,0.05263261414662442,0.05835537324383143,0.02562667305015818,0.02480944880202387,0.05049868160421098,0.03432761124977211,0.021433558532057202,0.058370779290478306,0.04819888225289529,0.04567685194451486,0.0,0.0,0.03932881462998267,0.028507510726012042,0.0,0.031841944155471355,0.02408308745418162,0.03529724025526187,0.03844522025411093
2016-01-01,Minimum Variance,7.263032757424327e-16,7.263032757424327e-16,7.275938804398638e-16,0.08420442840864055,0.0006873638502545806,0.12006276903994517,0.053337095076627,0.07728762665714538,7.263032757424327e-16,7.263032757424327e-16,0.04498269407479094,0.23162293544229326,0.03813169107099577,7.298292216288184e-16,0.03409047869879482,7.263032757424327e-16,7.320132836585515e-16,0.1271127370467666,0.05369317243672206,0.05665045587848659,0.0,0.0,0.0013788418326367209,7.286553803578395e-16,0.0,7.263032757424327e-16,7.27655246205369e-16,0.04220360794634374,0.0345541025395678
2016-01-01,Risk Parity,0.033273105271994174,0.03424666606949192,0.033697600515457705,0.05083607356964803,0.018797036299475336,0.06348416647090983,0.04032752739035106,0.04621078761050702,0.028897234749679174,0.040368855070868924,0.04612888381843694,0.05977582256146049,0.0361975047064149,0.02293136964738646,0.04375922607030121,0.0325509082939159,0.02412499751426494,0.04958842149564853,0.04468959282043821,0.0415367202228639,0.0,0.0,0.03544160029291468,0.02761012710492205,0.0,0.03401169934075012,0.026032121696788226,0.04388445725727366,0.04159749413855329
2016-01-01,Maximum Diversification,0.0,0.0,0.0,0.09639431225578285,0.03293476892462762,0.1456845017246593,0.023830009392180766,0.06195726214860973,0.0,0.0,0.04222695741531513,0.106562599240925,0.06098006413255445,0.004218050508445418,0.04462088720726035,0.024251974759015457,0.03063018704314934,0.0,0.0533332800949237,0.06302573336577362,0.0,0.0,0.0060098274350498275,0.0,0.0,0.03094487751957835,0.02038031517247569,0.08510599495200702,0.06690839670669486
2016-01-01,Hierarchical Risk Parity,0.028205159395540032,0.03348922843494255,0.03294258014774436,0.04776491570206262,0.00512329707498822,0.05720671861669663,0.05022197558407138,0.06724464990516393,0.027372704004163008,0.042628745903144506,0.03601953373480753,0.09510835141491931,0.022442110796968978,0.013585415984708329,0.033157996737169945,0.03291123033543396,0.01569884886563775,0.042557347352568435,0.0383841000874316,0.05079965480034826,0.0,0.0,0.034139756868243276,0.02284751332545782,0.0,0.025723661674648603,0.022477757213448454,0.06415335481324187,0.0577933912269101
2016-01-01,Eligible Universe Equal Weight,0.06666666666666667,0.0,0.0,0.0,0.0,0.06666666666666667,0.0,0.06666666666666667,0.0,0.06666666666666667,0.06666666666666667,0.06666666666666667,0.06666666666666667,0.06666666666666667,0.06666666666666667,0.06666666666666667,0.0,0.06666666666666667,0.06666666666666667,0.0,0.0,0.0,0.0,0.0,0.0,0.06666666666666667,0.0,0.06666666666666667,0.06666666666666667
2016-01-01,Partitioning Selection,0.08333333333333333,0.0,0.0,0.0,0.0,0.08333333333333333,0.0,0.08333333333333333,0.0,0.08333333333333333,0.0,0.08333333333333333,0.08333333333333333,0.08333333333333333,0.08333333333333333,0.08333333333333333,0.0,0.0,0.08333333333333333,0.0,0.0,0.0,0.0,0.0,0.0,0.08333333333333333,0.0,0.08333333333333333,0.0
2016-01-01,Density Selection,0.08333333333333333,0.0,0.0,0.0,0.0,0.08333333333333333,0.0,0.08333333333333333,0.0,0.08333333333333333,0.0,0.08333333333333333,0.08333333333333333,0.08333333333333333,0.08333333333333333,0.08333333333333333,0.0,0.0,0.08333333333333333,0.0,0.0,0.0,0.0,0.0,0.0,0.08333333333333333,0.0,0.08333333333333333,0.0
2017-01-01,Equal Weight,0.03703703703706651,0.03703703703706651,0.03703703703706651,0.03703703703706651,0.03703703703706651,0.03703703703706651,0.03703703703706651,0.03703703703706651,0.03703703703706651,0.03703703703706651,0.03703703703706651,0.03703703703706651,0.03703703703706651,0.03703703703706651,0.03703703703706651,0.03703703703706651,0.03703703703706651,0.03703703703706651,0.03703703703706651,0.03703703703706651,0.03703703703706651,0.0,0.03703703703706651,0.03703703703706651,0.0,0.03703703703706651,0.03703703703706651,0.03703703703706651,0.03703703703706651
2017-01-01,Max Sharpe,0.0,0.0,0.0,0.08047145777398851,0.11307776289958969,0.0,0.0,0.11140402382323175,0.0,0.0,0.0,0.0,0.0,0.0,0.0992335817323874,0.0,0.0682490487342612,0.0,0.0,0.0,0.0,0.0,0.2011553434446065,0.0,0.0,0.13452922602376507,0.07259761375526044,0.11928194181227497,0.0
2017-01-01,Inverse Volatility,0.04576853353898913,0.04151976697701228,0.04110562932588749,0.029205678066728778,0.013888229863901208,0.02877419856847541,0.04546476867691306,0.033327670362795624,0.03311758354351238,0.04595270775719164,0.05218946725317858,0.04678304561144691,0.036774394025822096,0.03138208916102403,0.04647880370623378,0.03544825082784218,0.015603644041863653,0.0527959033072471,0.0459029502142584,0.04118589137563003,0.028902489717714343,0.0,0.04073491984757375,0.03217981974522004,0.0,0.034889937474984575,0.025093164841353835,0.036999107473876,0.0385313546929138
2017-01-01,Minimum Variance,0.0,0.0,0.005768018727520185,0.0778532031115705,0.026211297359380784,0.13319568414158442,0.07855411313530081,0.04578763012988914,0.0,0.0656986095128077,0.06299607541265465,0.09303025548728246,0.005074475634896832,0.0,0.04476605238425859,0.0,0.003706310761964486,0.1354420939173488,0.08056929624620068,0.013316740666827566,0.0,0.0,0.03323055746374457,0.0,0.0,0.0,0.0,0.0543144230205323,0.040485162886060674
2017-01-01,Risk Parity,0.03709498762873284,0.03286551299867916,0.033730475896084314,0.0491064087052043,0.03169150304757063,0.07545889483632853,0.037721917259103434,0.037115296764103835,0.028376794819541657,0.04214667766623436,0.04221194837179841,0.0446544555408776,0.03039822450598424,0.03190093208308273,0.04133379908534318,0.028183810801299114,0.02439482016331753,0.048705943794550406,0.04323408371392618,0.03357671338298725,0.02527676965604412,0.0,0.04052022756398107,0.02499902435516505,0.0,0.03222113452944948,0.026948357918227517,0.03994976483220783,0.036181520079788074
2017-01-01,Maximum Diversification,1.1686157223361172e-14,1.1694138935344457e-14,0.00810299704449337,0.10860686825865615,0.06776671019545538,0.16148402506807288,0.032161712261522334,0.06824668252569534,0.01641385387832511,0.07523573097839001,1.1730040928293425e-14,0.01539308551321947,0.003949899643721324,0.04623027489193199,0.03458950486082373,1.1686157223361172e-14,0.051446997101419666,0.06780845184661803,0.06416964275008454,1.1686157223361172e-14,1.1752783456896056e-14,0.0,0.04951698255946997,1.1702222145786374e-14,0.0,0.02545573389641154,0.02229520200988514,0.06359403828793361,0.017531606428104085
2017-01-01,Hierarchical Risk Parity,0.039876283729162985,0.02785624924364392,0.0261550796048032,0.05264450684731935,0.011904530338894328,0.05305532972514797,0.03199656922941984,0.05788921084913337,0.021145220492928857,0.05284713150626867,0.05199406729566351,0.059018086372235164,0.026072698778279856,0.03109658447728505,0.03883977013604869,0.023987096638026895,0.012664047521944822,0.05306169660087431,0.03788331417956813,0.027410045991702357,0.028440942490337583,0.0,0.04474472809144605,0.026588661750075536,0.0,0.033479629285668944,0.019881990672650014,0.07134609545533142,0.038120432696778624
2017-01-01,Eligible Universe Equal Weight,0.058823529411764705,0.0,0.0,0.0,0.0,0.058823529411764705,0.0,0.058823529411764705,0.058823529411764705,0.058823529411764705,0.058823529411764705,0.058823529411764705,0.058823529411764705,0.058823529411764705,0.058823529411764705,0.058823529411764705,0.0,0.058823529411764705,0.058823529411764705,0.0,0.058823529411764705,0.0,0.0,0.0,0.0,0.058823529411764705,0.0,0.058823529411764705,0.058823529411764705
2017-01-01,Partitioning Selection,0.08333333333333333,0.0,0.0,0.0,0.0,0.0,0.0,0.08333333333333333,0.08333333333333333,0.0,0.0,0.08333333333333333,0.08333333333333333,0.08333333333333333,0.08333333333333333,0.08333333333333333,0.0,0.08333333333333333,0.08333333333333333,0.0,0.0,0.0,0.0,0.0,0.0,0.08333333333333333,0.0,0.08333333333333333,0.0
2017-01-01,Density Selection,0.08333333333333333,0.0,0.0,0.0,0.0,0.08333333333333333,0.0,0.08333333333333333,0.08333333333333333,0.08333333333333333,0.0,0.08333333333333333,0.0,0.08333333333333333,0.08333333333333333,0.08333333333333333,0.0,0.0,0.08333333333333333,0.0,0.0,0.0,0.0,0.0,0.0,0.08333333333333333,0.0,0.08333333333333333,0.0
2018-01-01,Equal Weight,0.03703703703706651,0.03703703703706651,0.03703703703706651,0.03703703703706651,0.03703703703706651,0.03703703703706651,0.03703703703706651,0.03703703703706651,0.03703703703706651,0.03703703703706651,0.03703703703706651,0.03703703703706651,0.03703703703706651,0.03703703703706651,0.03703703703706651,0.03703703703706651,0.03703703703706651,0.03703703703706651,0.03703703703706651,0.03703703703706651,0.03703703703706651,0.0,0.03703703703706651,0.03703703703706651,0.0,0.03703703703706651,0.03703703703706651,0.03703703703706651,0.03703703703706651
2018-01-01,Max Sharpe,0.0,0.0,0.0,0.048356449340352624,0.09378385246293561,0.0,0.0,0.0,0.0,0.0,0.0,0.13398567310996018,0.011387664993906522,0.0,0.026686352923262803,0.0,0.05584463795948145,0.0,0.0,0.0,0.0,0.0,0.2113923919287736,0.09340632053582844,0.0,0.21649974449863527,0.10865691224648738,0.0,0.0
2018-01-01,Inverse Volatility,0.04252438473659643,0.04071835724654022,0.04056270264553359,0.027643734349606264,0.01311268919822206,0.026601022888256953,0.045777710409014356,0.031101697393256484,0.033895692230731245,0.04688238433690862,0.05541281369173713,0.04899267198252879,0.03742916694633327,0.03200775513967242,0.04550380295325869,0.036978107906647587,0.016396935258619284,0.055543959161113425,0.045590106077239,0.042025538285722475,0.02994672506314974,0.0,0.04175886974468378,0.031965849145289986,0.0,0.03265634370446853,0.02520695765965808,0.03379604705434312,0.03996797479038013
2018-01-01,Minimum Variance,5.121649381663775e-15,5.121649381663775e-15,5.12382299372907e-15,0.0625573793228171,0.020955394909924503,0.10070045963028777,0.07767761777251939,0.03792514290424566,5.121749257516869e-15,0.05262702661541209,0.09849685680973781,0.10572890360529455,0.016841263294772747,0.0019380064151608544,0.036846714503006986,5.124585336435452e-15,0.005752774478844318,0.1439586518201167,0.05124666242864065,0.029632656736280294,5.121649381663775e-15,0.0,0.06397859891019979,5.122159207610082e-15,0.0,0.002252267650457524,5.121838065490606e-15,0.04902375954919447,0.041859862643184184
2018-01-01,Risk Parity,0.036421163258533125,0.032829422463453634,0.03336840254922267,0.04410753697575699,0.028255987947922355,0.06652386748719823,0.038432562598028366,0.03498968652037175,0.02812978761633543,0.0440417657056656,0.045013672738714955,0.04667768574231083,0.031013778352154815,0.03296177658176732,0.04207137453922162,0.029556066230857967,0.025095900939676983,0.04975926161146919,0.041981358121907765,0.03486236483719741,0.026512912610817153,0.0,0.04379028942559297,0.026974626109036632,0.0,0.03168178774658151,0.027139435625546705,0.040775294794136156,0.03703223087141419
2018-01-01,Maximum Diversification,0.0,0.0016747376407849552,0.005987171754437872,0.09876043561905624,0.06326911907720631,0.14936351896217406,0.04116274653161069,0.058860233591710866,0.0,0.06600031432428397,0.0,0.020885646536204925,0.007211335152016851,0.05707453946189782,0.02486291483618872,0.008293818818720676,0.05803142549421197,0.051026724115066396,0.044848909232101004,0.011130710260713812,0.0,0.0,0.08098536155703694,0.0,0.0,0.034693901208717716,0.030750536512520306,0.07457367608092315,0.010552223232354954
2018-01-01,Hierarchical Risk Parity,0.04838058316970737,0.03161662053502551,0.028502399701539748,0.04619682659736818,0.0103944677688113,0.045118997632216676,0.03630243808320626,0.050012689132677556,0.01848839626073031,0.03884588750067994,0.07673448908936233,0.06927765242756088,0.02417465590418146,0.02917211485639073,0.03659494127309455,0.022003896644295633,0.013900722944149851,0.05451733668690113,0.03672841363545895,0.033679180830031685,0.030895420517853434,0.0,0.04965408160357219,0.01763244224136305,0.0,0.02866100709055637,0.01833883633637552,0.06143699844628128,0.042738503089843526
2018-01-01,Eligible Universe Equal Weight,0.05555555555555555,0.0,0.0,0.0,0.05555555555555555,0.05555555555555555,0.0,0.05555555555555555,0.05555555555555555,0.05555555555555555,0.05555555555555555,0.05555555555555555,0.05555555555555555,0.05555555555555555,0.05555555555555555,0.05555555555555555,0.0,0.05555555555555555,0.05555555555555555,0.0,0.05555555555555555,0.0,0.0,0.0,0.0,0.05555555555555555,0.0,0.05555555555555555,0.05555555555555555
2018-01-01,Partitioning Selection,0.08333333333333333,0.0,0.0,0.0,0.0,0.08333333333333333,0.0,0.08333333333333333,0.08333333333333333,0.0,0.0,0.08333333333333333,0.0,0.08333333333333333,0.0,0.08333333333333333,0.0,0.08333333333333333,0.08333333333333333,0.0,0.0,0.0,0.0,0.0,0.0,0.08333333333333333,0.0,0.08333333333333333,0.08333333333333333
2018-01-01,Density Selection,0.08333333333333333,0.0,0.0,0.0,0.0,0.08333333333333333,0.0,0.08333333333333333,0.08333333333333333,0.0,0.0,0.08333333333333333,0.08333333333333333,0.08333333333333333,0.0,0.08333333333333333,0.0,0.08333333333333333,0.08333333333333333,0.0,0.0,0.0,0.0,0.0,0.0,0.08333333333333333,0.0,0.0,0.08333333333333333
2019-01-01,Equal Weight,0.0357142857142776,0.0357142857142776,0.0357142857142776,0.0357142857142776,0.0357142857142776,0.0357142857142776,0.0357142857142776,0.0357142857142776,0.0357142857142776,0.0357142857142776,0.0357142857142776,0.0357142857142776,0.0357142857142776,0.0357142857142776,0.0357142857142776,0.0357142857142776,0.0357142857142776,0.0357142857142776,0.0357142857142776,0.0357142857142776,0.0357142857142776,0.0,0.0357142857142776,0.0357142857142776,0.0357142857142776,0.0357142857142776,0.0357142857142776,0.0357142857142776,0.0357142857142776
2019-01-01,Max Sharpe,0.0,0.0,0.0,0.01727872799471331,0.02956050818009995,0.0,4.057415585142267e-16,0.1003516205079319,0.0,0.13145798314509047,0.0,0.029862153028226403,0.0,0.0,0.0,0.13367185084682198,0.02182405272944526,0.0,0.0,0.07181212303053393,0.0,0.0,0.0,0.057332828009346845,0.10624653502270139,0.12660575994695797,0.07398647446549192,0.0,0.10000938309262546
2019-01-01,Inverse Volatility,0.04045330015283443,0.0357909677159578,0.03882906529860554,0.01881043696157225,0.019204269249758172,0.02459244146644689,0.046465336503427705,0.0346193037561815,0.03899931410322518,0.034134729808107216,0.04972899032592488,0.04415838355544687,0.034032962492563754,0.03551069671779084,0.04059940961926931,0.043842068044003604,0.019378758140437116,0.047326358267428044,0.03641197393932435,0.04447395756685558,0.04039294997297094,0.0,0.04188693692010071,0.032192903964362966,0.019998654711676712,0.031681524335344,0.03215681292446525,0.02744558465520253,0.046881908831354485
2019-01-01,Minimum Variance,0.061594464289482134,0.02594717509782963,0.004595302610584616,0.012670186180588485,0.019862524536304924,0.006200551234956635,0.055928656318713875,0.03517041434806979,2.8025828305668456e-15,0.09168246701215943,0.08768376121575899,0.08968774479130077,2.8025828305668456e-15,2.8032698081161322e-15,0.018095607230063416,0.017820251284544588,0.0008310155204875711,0.06152698545236484,2.8025828305668456e-15,0.07953009699870586,0.02722781880306544,0.0,0.06721752418832887,0.04263144146408404,0.03927214942708576,0.016779961818918804,0.008298655893921994,0.04173744514090218,0.0880077991418447
2019-01-01,Risk Parity,0.04365693943740721,0.03399861985552256,0.034163206029425484,0.026210543698136204,0.02766627775284885,0.02997121039395103,0.0416089225027631,0.034182588697698676,0.028495859487420408,0.05297710368351305,0.044009351360715813,0.04493672611091824,0.025468840475100563,0.03088786747974959,0.035912862937962496,0.033631368822386,0.02459152943193811,0.04203731308027643,0.030137612477475945,0.044183483540795314,0.035817760583208,0.0,0.04152192328575322,0.03219063558659249,0.03590523173617352,0.0303334446507715,0.029989003845838056,0.0409649754878204,0.04454879756850698
2019-01-01,Maximum Diversification,0.07353489731263879,0.03381988885021497,0.019298197238429345,0.04976230020212764,0.062335411032605315,0.040911621664968874,0.006175975585142098,0.04005488213526248,0.0,0.1209101104749499,0.015609659996944351,0.06373200772012427,0.0,0.011318083517960074,0.0,0.0,0.0404658684792602,0.016505640122030187,0.0,0.0533843295609751,0.015139036227671886,0.0,0.06280216293166166,0.0507251228179235,0.06589874678101178,0.02587256157104894,0.007494487397314977,0.0862314460594194,0.03801756232011852
2019-01-01,Hierarchical Risk Parity,0.03673377534971255,0.03239910095622642,0.03757357272336222,0.017156662928441414,0.019280980031573733,0.02961773228105258,0.050699292796114105,0.028576453042806753,0.023839482381503744,0.05706127211521215,0.061127132088513066,0.05317384333183828,0.019606006222759462,0.031169735977956404,0.04543588969812549,0.030127628470798338,0.018209035198935377,0.05664900044534099,0.02976090259487967,0.046446744879598094,0.0389029743731271,0.0,0.05985358022384289,0.020041476233292742,0.020255333775565387,0.01699032805163646,0.019996564952957818,0.039380253339586266,0.05993524553575329
2019-01-01,Eligible Universe Equal Weight,0.047619047619047616,0.047619047619047616,0.047619047619047616,0.0,0.047619047619047616,0.047619047619047616,0.047619047619047616,0.047619047619047616,0.047619047619047616,0.047619047619047616,0.047619047619047616,0.047619047619047616,0.047619047619047616,0.047619047619047616,0.047619047619047616,0.047619047619047616,0.0,0.047619047619047616,0.047619047619047616,0.0,0.047619047619047616,0.0,0.0,0.0,0.0,0.047619047619047616,0.0,0.047619047619047616,0.047619047619047616
2019-01-01,Partitioning Selection,0.0,0.08333333333333333,0.0,0.0,0.08333333333333333,0.08333333333333333,0.08333333333333333,0.08333333333333333,0.08333333333333333,0.0,0.08333333333333333,0.08333333333333333,0.08333333333333333,0.0,0.0,0.0,0.0,0.0,0.08333333333333333,0.0,0.0,0.0,0.0,0.0,0.0,0.0,0.0,0.08333333333333333,0.08333333333333333
2019-01-01,Density Selection,0.0,0.08333333333333333,0.0,0.0,0.0,0.08333333333333333,0.08333333333333333,0.08333333333333333,0.08333333333333333,0.08333333333333333,0.0,0.08333333333333333,0.0,0.08333333333333333,0.0,0.08333333333333333,0.0,0.0,0.0,0.0,0.0,0.0,0.0,0.0,0.0,0.08333333333333333,0.0,0.08333333333333333,0.08333333333333333
2020-01-01,Equal Weight,0.03448275862069749,0.03448275862069749,0.03448275862069749,0.03448275862069749,0.03448275862069749,0.03448275862069749,0.03448275862069749,0.03448275862069749,0.03448275862069749,0.03448275862069749,0.03448275862069749,0.03448275862069749,0.03448275862069749,0.03448275862069749,0.03448275862069749,0.03448275862069749,0.03448275862069749,0.03448275862069749,0.03448275862069749,0.03448275862069749,0.03448275862069749,0.03448275862069749,0.03448275862069749,0.03448275862069749,0.03448275862069749,0.03448275862069749,0.03448275862069749,0.03448275862069749,0.03448275862069749
2020-01-01,Max Sharpe,0.10073271232128847,0.0,0.0,0.06893637435718437,0.008206151773984226,0.04331135192305369,0.03564717469281371,0.0006427875187216823,0.0,0.1359002383556246,0.0,0.07482698265644029,0.0,0.0,0.0,0.24576135883813224,0.030712094349666434,0.0,0.0,0.07866573960174565,0.0,0.0,0.0,0.02676928758696104,0.05297024835512111,0.061624018923950405,0.0,0.0,0.035293478744913474
2020-01-01,Inverse Volatility,0.03889776259384118,0.03287051230981772,0.03565722409229228,0.019025919858141303,0.016713424945960197,0.024554107554339684,0.049950869645399146,0.03343167137493874,0.037954579237179764,0.03295172685662561,0.04905785650220286,0.045712381711268325,0.032491669400960974,0.03308562694979992,0.03643466351926645,0.043748318960831936,0.02826247490257585,0.0477493315178056,0.033817864835965106,0.04602109674488206,0.04284887429493145,0.01596497942115689,0.03875813814965117,0.030917173412346444,0.021627634376434397,0.03114765575660139,0.026536827498417088,0.02737435084148179,0.04643528273423025
2020-01-01,Minimum Variance,0.04074304791595391,0.00462038100624239,0.0018885990730293921,0.014504022873431902,0.0036197970061599455,3.1575591262177425e-14,0.10991058326866955,0.04333038944535083,0.01178022829332762,0.0910771182126472,0.07992794488128843,0.09950780270415577,3.157343207469883e-14,3.157343207469883e-14,0.03797260738298146,3.157444472751364e-14,0.018997595707868877,0.04651765881331803,3.157375946616783e-14,0.08447349426198758,0.05479176851328743,3.157343207469883e-14,0.059931393434140494,0.022974286883757862,3.157388499909759e-14,0.04051347435957725,3.157448713364397e-14,0.05385200224913081,0.07906580371435627
2020-01-01,Risk Parity,0.039727631380174606,0.029898880745691345,0.031199520650585903,0.026790165290486494,0.0212483198277467,0.02623845058791076,0.04796121996099773,0.03691353118620133,0.03136261428273823,0.052114323010050416,0.043449955257794055,0.047325540619373996,0.02421424781315964,0.02601387698862494,0.03506660844498481,0.03204687433807154,0.029372018497419418,0.042058881543680704,0.029917367941052344,0.04658913547235106,0.040700009329846173,0.018761717075202595,0.03898382600079791,0.029421826218575656,0.024857203357931682,0.03426144300231651,0.025906641523951137,0.04170511174641232,0.04589305790611676
2020-01-01,Maximum Diversification,0.05155083657881934,0.01150774691340745,0.01228909196050293,0.051502663078902326,0.041570456590713255,0.03356123023162039,0.03715362323136127,0.049181247248305145,0.0,0.1092648175360313,0.016999205921064256,0.07977814261283864,0.0,0.0,0.02989744920552521,0.0,0.0475058978726028,0.010837861248288007,0.002880996838328577,0.048343064035721736,0.02726561790100988,0.023188715558277808,0.05527215436523818,0.03570797579349314,0.022402726938599286,0.05639717299279476,0.006400413219999306,0.09816986199879899,0.04137103012688412
2020-01-01,Hierarchical Risk Parity,0.04111643550862049,0.02141691150432087,0.02945058953535091,0.01695871297745477,0.013031061683500314,0.02812530218912798,0.06780353272011884,0.02914446176293328,0.023423290141181875,0.05281957897541449,0.06907382972904741,0.04936041113902148,0.020917323699875468,0.02509609173319471,0.02631318520448783,0.03112019253142072,0.015826411197832183,0.059453092916140635,0.02835936907008637,0.07180787350450703,0.042092642376154954,0.01194093378033456,0.06870318700998727,0.02151664553189565,0.011599045035383032,0.022472410758736842,0.015851596327373988,0.034271943167171366,0.05093393828934738
2020-01-01,Eligible Universe Equal Weight,0.041666666666666664,0.041666666666666664,0.041666666666666664,0.0,0.041666666666666664,0.041666666666666664,0.041666666666666664,0.041666666666666664,0.041666666666666664,0.041666666666666664,0.041666666666666664,0.041666666666666664,0.041666666666666664,0.041666666666666664,0.041666666666666664,0.041666666666666664,0.0,0.041666666666666664,0.041666666666666664,0.0,0.041666666666666664,0.041666666666666664,0.041666666666666664,0.0,0.041666666666666664,0.041666666666666664,0.0,0.041666666666666664,0.041666666666666664
2020-01-01,Partitioning Selection,0.0,0.0,0.0,0.0,0.08333333333333333,0.08333333333333333,0.08333333333333333,0.08333333333333333,0.08333333333333333,0.0,0.0,0.0,0.0,0.0,0.0,0.08333333333333333,0.0,0.08333333333333333,0.0,0.0,0.08333333333333333,0.0,0.0,0.0,0.08333333333333333,0.08333333333333333,0.0,0.08333333333333333,0.08333333333333333
2020-01-01,Density Selection,0.0,0.0,0.0,0.0,0.08333333333333333,0.08333333333333333,0.08333333333333333,0.08333333333333333,0.08333333333333333,0.08333333333333333,0.08333333333333333,0.0,0.0,0.0,0.0,0.08333333333333333,0.0,0.08333333333333333,0.0,0.0,0.0,0.0,0.0,0.0,0.08333333333333333,0.0,0.0,0.08333333333333333,0.08333333333333333
2021-01-01,Equal Weight,0.03448275862069749,0.03448275862069749,0.03448275862069749,0.03448275862069749,0.03448275862069749,0.03448275862069749,0.03448275862069749,0.03448275862069749,0.03448275862069749,0.03448275862069749,0.03448275862069749,0.03448275862069749,0.03448275862069749,0.03448275862069749,0.03448275862069749,0.03448275862069749,0.03448275862069749,0.03448275862069749,0.03448275862069749,0.03448275862069749,0.03448275862069749,0.03448275862069749,0.03448275862069749,0.03448275862069749,0.03448275862069749,0.03448275862069749,0.03448275862069749,0.03448275862069749,0.03448275862069749
2021-01-01,Max Sharpe,1.5265566588595902e-16,1.5265566588595902e-16,1.5265566588595902e-16,0.14777140384873771,0.1189447050582339,0.0362405943521708,1.5265566588595902e-16,0.007813220586191291,1.5265566588595902e-16,0.11271610713699874,4.2661980694566873e-16,1.5265566588595902e-16,3.4219624506614673e-16,1.5265566588595902e-16,1.5265566588595902e-16,0.24999999999999983,0.10914422033601101,4.688615556299612e-16,1.135447479742472e-15,1.5875480907473643e-16,9.48257648704162e-16,1.5265566588595902e-16,5.562468241817628e-16,0.06592483088060522,0.09516412655808922,0.05628079124296444,1.5265566588595902e-16,1.5265566588595902e-16,1.5265566588595902e-16
2021-01-01,Inverse Volatility,0.039102708642528,0.03590593942210535,0.031013011222160092,0.022741836661021645,0.01610894080100709,0.026825208594539084,0.044257942780901095,0.03475546077480653,0.041411228576730234,0.0387814528471256,0.04357609704515247,0.04450577356281563,0.033684807374758804,0.03648771953106193,0.0389303109661329,0.044117588078959616,0.03304386249574235,0.046376972427271575,0.03541387046479868,0.04259691861187656,0.03020765581903808,0.016770065906019337,0.03165199507370223,0.03638235663411332,0.022966190367920587,0.033724361142665964,0.030498329404229935,0.03232499149001017,0.03583640327998937
2021-01-01,Minimum Variance,0.01675097385854653,0.03479400469756244,2.7666737817622645e-14,0.03784060777240189,2.7666737817622645e-14,2.7672503152080162e-14,0.0579744732853346,0.07333167355241726,0.031886203502453664,0.15281951153348514,0.007538255737930473,0.08395394458917661,2.767035194389791e-14,2.7666737817622645e-14,0.02667732747263744,0.01907286424531611,0.0928706492496416,0.0726236042439008,2.7666737817622645e-14,0.03314631743647605,2.7666737817622645e-14,2.7666737817622645e-14,2.7666737817622645e-14,0.09769138838758575,2.766713601726683e-14,0.059239460479808825,2.766742969045494e-14,0.10178873995579507,2.7666737817622645e-14
2021-01-01,Risk Parity,0.03459749354629133,0.03507368673378197,0.02676129001118646,0.041331475108845585,0.020081348429187212,0.02583966241924316,0.03515889992687396,0.04396135482749164,0.036182833567872864,0.052553158010965516,0.03373155682818122,0.03733058190559644,0.028872258278873776,0.030224842662642974,0.034880541934934936,0.037448423102084204,0.05016863920312745,0.03852723564821977,0.03209319272275456,0.036546384676423106,0.022784092542529832,0.021137524494937245,0.02358319782156272,0.044195953578757725,0.029876124499558124,0.04049970018753448,0.03388456391459437,0.045907270770001375,0.026766712645419275
2021-01-01,Maximum Diversification,0.03223903095111083,0.03946951904580714,0.0,0.0853312882058245,0.04998671987954941,0.01742256220928756,0.0,0.08420480342905184,0.0,0.13797405133283752,0.0,0.012994025544737376,0.0,0.0,0.0,0.0,0.10709331117074114,0.003430417923234999,0.017812691904496143,0.0,0.0,0.04325497089518672,0.0,0.09589531511960185,0.05293679211579893,0.07251707647703418,0.011602167398954692,0.13583525639634964,0.0
2021-01-01,Hierarchical Risk Parity,0.026454192034069162,0.033920971151042624,0.02085419309576552,0.03001314685316564,0.01276026639845226,0.01893310769979402,0.03180655346968773,0.05831085354697686,0.0389697933993723,0.08633013154918806,0.030834067928948064,0.03323199903070581,0.030078472252856644,0.04245410088201367,0.030278820402406877,0.04422984279287491,0.06267521980225083,0.03721222217348273,0.025055899318012984,0.03934249389823049,0.01307782706816948,0.013576031474697098,0.01680838307814491,0.035088862588473796,0.02593604141954817,0.04791585152062635,0.03918716534561296,0.05625787319209647,0.018405616633749445
2021-01-01,Eligible Universe Equal Weight,0.041666666666666664,0.041666666666666664,0.041666666666666664,0.0,0.041666666666666664,0.041666666666666664,0.041666666666666664,0.041666666666666664,0.041666666666666664,0.041666666666666664,0.041666666666666664,0.041666666666666664,0.041666666666666664,0.041666666666666664,0.041666666666666664,0.041666666666666664,0.0,0.041666666666666664,0.041666666666666664,0.0,0.041666666666666664,0.041666666666666664,0.041666666666666664,0.0,0.041666666666666664,0.041666666666666664,0.0,0.041666666666666664,0.041666666666666664
2021-01-01,Partitioning Selection,0.08333333333333333,0.0,0.0,0.0,0.08333333333333333,0.08333333333333333,0.0,0.0,0.08333333333333333,0.08333333333333333,0.0,0.0,0.08333333333333333,0.08333333333333333,0.0,0.08333333333333333,0.0,0.08333333333333333,0.08333333333333333,0.0,0.0,0.0,0.0,0.0,0.0,0.08333333333333333,0.0,0.08333333333333333,0.0
2021-01-01,Density Selection,0.0,0.0,0.0,0.0,0.08333333333333333,0.08333333333333333,0.0,0.08333333333333333,0.08333333333333333,0.0,0.0,0.0,0.08333333333333333,0.08333333333333333,0.0,0.08333333333333333,0.0,0.08333333333333333,0.08333333333333333,0.0,0.0,0.0,0.0,0.0,0.0,0.08333333333333333,0.0,0.08333333333333333,0.08333333333333333
2022-01-01,Equal Weight,0.03448275862069749,0.03448275862069749,0.03448275862069749,0.03448275862069749,0.03448275862069749,0.03448275862069749,0.03448275862069749,0.03448275862069749,0.03448275862069749,0.03448275862069749,0.03448275862069749,0.03448275862069749,0.03448275862069749,0.03448275862069749,0.03448275862069749,0.03448275862069749,0.03448275862069749,0.03448275862069749,0.03448275862069749,0.03448275862069749,0.03448275862069749,0.03448275862069749,0.03448275862069749,0.03448275862069749,0.03448275862069749,0.03448275862069749,0.03448275862069749,0.03448275862069749,0.03448275862069749
2022-01-01,Max Sharpe,2.9339395857914076e-16,6.938893903907228e-17,1.8973077252236708e-16,0.1175238445726982,0.1282890136501691,0.03720502579671146,2.945749628004089e-16,0.11224412072542164,0.05195097674530608,0.16006257513164446,1.9049973850194899e-16,6.058393468500518e-16,6.938893903907228e-17,1.436762294089392e-16,1.1442313111608161e-16,0.24999999999999994,0.03821350986121908,3.827290391179683e-16,6.938893903907228e-17,4.3847536378743384e-16,4.983463929736212e-16,1.4938120632344172e-16,9.625291731633854e-17,0.010770079301615542,0.07685836486776297,0.01688248934745199,1.0615997873277615e-16,6.938893903907228e-17,2.432326648223893e-16
2022-01-01,Inverse Volatility,0.03958209113809915,0.03660362552101991,0.031173935782766463,0.022197223450967408,0.015059153163756,0.02668483475395531,0.045277091918165785,0.034795992969365946,0.04002669540790811,0.03996074467394992,0.04451361514001923,0.04594512621576619,0.03313871582814627,0.03685193446970852,0.03848008891526281,0.043930804667024426,0.03269271093662623,0.047510630099124776,0.036673466651994384,0.043365843540196104,0.030665158369822074,0.01599739652769831,0.03197397477200715,0.033784652549803416,0.022068186954981785,0.03270828264239929,0.029459236768777156,0.032084030953952195,0.03679475521645184
2022-01-01,Minimum Variance,0.013648046522335006,0.030166119079941957,0.0,0.03573805384548431,0.0,0.0,0.06475116938280628,0.07918136150713924,0.021117589305522568,0.15419375120296663,0.009555039435715083,0.08815867667354747,0.0,0.0,0.02453895273937904,0.03620887996526435,0.08438282645118099,0.09226199521971841,0.0,0.04284547375651882,0.0,0.0,0.0,0.07801531401360086,0.0,0.05170396058628116,0.0,0.09353279031169025,0.0
2022-01-01,Risk Parity,0.03506360280571725,0.03575630897460783,0.027642420635750307,0.03939113072212827,0.0190352491462801,0.02575940461727042,0.036431585844564844,0.04386435477743803,0.03512494789420382,0.053091473972061445,0.03522653383938132,0.037980271060206024,0.028738292739760453,0.03035837633161531,0.035303067931374936,0.03833279331082921,0.04724710323048424,0.04067298093031951,0.03340962515260493,0.03732297442274158,0.023582201235666938,0.020035338188249163,0.02381237504743014,0.04190709787675672,0.029460102793995743,0.03950990653968798,0.03317325013480056,0.04497444074046723,0.02779278910321333
2022-01-01,Maximum Diversification,0.020051069999422348,0.038849796740965725,0.006260148690762149,0.08456006788141764,0.04541465725928574,0.01575882437056494,3.4358885295892307e-14,0.09547489023434035,3.435178625467198e-14,0.14153638995034895,3.431868204251872e-14,8.885994088390473e-05,3.426577286025743e-14,3.426577286025743e-14,3.426739337203392e-14,3.431643804104653e-14,0.0963440337989708,0.03511372466468755,0.020295998861596415,3.4284145661433513e-14,3.426577286025743e-14,0.04417927943439214,3.426577286025743e-14,0.0843584038028767,0.054710128015249514,0.06845814366867814,0.017748405146130766,0.13079717754004314,3.426577286025743e-14
2022-01-01,Hierarchical Risk Parity,0.034601090552679015,0.03605939283256876,0.021462266885337814,0.028722129985860243,0.011615112116150196,0.02476706804609029,0.03606677931920635,0.061563843247267304,0.03637830754871572,0.09097197596267412,0.03396671637677739,0.036054043287201756,0.030228590190480926,0.03655028629433324,0.028634496163327368,0.04382090413168308,0.06088949209853023,0.03869451539856223,0.026008861470494665,0.03308612527296145,0.013883145313431294,0.010030184872477125,0.01746096870300756,0.03141850072601446,0.024762846405413267,0.04557769929119063,0.03401365482338853,0.05272300540617769,0.019987997277935914
2022-01-01,Eligible Universe Equal Weight,0.041666666666666664,0.041666666666666664,0.041666666666666664,0.0,0.041666666666666664,0.041666666666666664,0.041666666666666664,0.041666666666666664,0.041666666666666664,0.041666666666666664,0.041666666666666664,0.041666666666666664,0.041666666666666664,0.041666666666666664,0.041666666666666664,0.041666666666666664,0.0,0.041666666666666664,0.041666666666666664,0.0,0.041666666666666664,0.041666666666666664,0.041666666666666664,0.0,0.041666666666666664,0.041666666666666664,0.0,0.041666666666666664,0.041666666666666664
2022-01-01,Partitioning Selection,0.0,0.08333333333333333,0.0,0.0,0.08333333333333333,0.08333333333333333,0.08333333333333333,0.08333333333333333,0.08333333333333333,0.0,0.0,0.0,0.0,0.08333333333333333,0.08333333333333333,0.08333333333333333,0.0,0.0,0.08333333333333333,0.0,0.0,0.0,0.0,0.0,0.08333333333333333,0.0,0.0,0.08333333333333333,0.0
2022-01-01,Density Selection,0.0,0.0,0.0,0.0,0.08333333333333333,0.08333333333333333,0.0,0.08333333333333333,0.08333333333333333,0.0,0.0,0.08333333333333333,0.08333333333333333,0.08333333333333333,0.0,0.08333333333333333,0.0,0.08333333333333333,0.08333333333333333,0.0,0.0,0.0,0.0,0.0,0.08333333333333333,0.0,0.0,0.08333333333333333,0.0
2023-01-01,Equal Weight,0.03448275862069749,0.03448275862069749,0.03448275862069749,0.03448275862069749,0.03448275862069749,0.03448275862069749,0.03448275862069749,0.03448275862069749,0.03448275862069749,0.03448275862069749,0.03448275862069749,0.03448275862069749,0.03448275862069749,0.03448275862069749,0.03448275862069749,0.03448275862069749,0.03448275862069749,0.03448275862069749,0.03448275862069749,0.03448275862069749,0.03448275862069749,0.03448275862069749,0.03448275862069749,0.03448275862069749,0.03448275862069749,0.03448275862069749,0.03448275862069749,0.03448275862069749,0.03448275862069749
2023-01-01,Max Sharpe,7.412112504714062e-16,2.220446049250313e-16,1.0758942630023737e-15,0.21198476362707733,0.19014461699642882,0.015794756734337646,2.220446049250313e-16,2.220446049250313e-16,3.3624483764075594e-16,0.23282684748306007,2.991967583670463e-16,0.012833963500708555,2.220446049250313e-16,3.5587574033515313e-16,2.681199482183487e-16,0.24999999999999978,0.06361063185482188,5.249961439647013e-16,3.616414497189322e-16,2.4033237506084166e-16,2.220446049250313e-16,1.3934228921527162e-15,4.133132350762577e-16,2.220446049250313e-16,0.02280441980356514,3.528740564576241e-16,6.652487205216993e-16,3.3488146247480794e-16,5.81162723908612e-16
2023-01-01,Inverse Volatility,0.04004061011331434,0.037626269000626905,0.031873432920922595,0.023006831963031008,0.014571733890806664,0.027085605109244643,0.044943356970922416,0.03488516354942062,0.037552954354965855,0.04181589719654945,0.045541836585818805,0.04704399606770361,0.02835325595405987,0.037625576373816035,0.03953355093161832,0.041810849496449524,0.03472543157848934,0.0490247532057385,0.037030792733429144,0.042687751732265966,0.032104943592465775,0.014891844987651637,0.03341319468051835,0.03019376490415832,0.022463887145961477,0.03136746529945771,0.027255162292101814,0.033014785674648627,0.03851530169337482
2023-01-01,Minimum Variance,0.0,0.029981929996774914,0.0,0.03174828778417382,0.0,0.0,0.038981165193951346,0.06658606047091682,0.012161862821387523,0.17126530114836158,0.00028685944472166345,0.09800705377485007,0.0,0.0,0.06103479474629015,0.008695527098020454,0.11336011379043741,0.10902776389710037,0.0,0.024564785081813208,0.0,0.0,0.0,0.07646621275545824,0.0,0.05172896717419698,0.009468734602897195,0.09663458021785008,0.0
2023-01-01,Risk Parity,0.03454103385122276,0.0370738465965497,0.028375616804937987,0.038166728938089936,0.01659004097936225,0.025699819316320795,0.03457843090821941,0.04118019605024596,0.03285711295777008,0.05272083984924655,0.03577007384813958,0.03839603765471164,0.027633222897374087,0.031537547541724775,0.03918374806209606,0.03498763258667953,0.05229732247073884,0.04115615681810637,0.03284051078434896,0.03499948404180066,0.026425222492742116,0.01811633438336179,0.025429146284544304,0.04035545164139061,0.028961372492974785,0.03882641582553588,0.034394319828655956,0.047106471639727365,0.0297998624538144
2023-01-01,Maximum Diversification,0.0,0.02047644296178272,0.0,0.07952342732322738,0.0320213895367393,0.014680930200193997,0.0,0.07711653783323377,0.0,0.14070953216062385,0.0,0.0,0.004730663821748781,0.0,0.06161864907657973,0.0,0.10898799253093679,0.01262641859295061,0.0,0.0,0.0,0.04103581437761494,0.0,0.09036192406680871,0.04361802210095213,0.07404666675629173,0.04981200588911879,0.14863358277100172,0.0
2023-01-01,Hierarchical Risk Parity,0.029701701187562466,0.027769430418424338,0.026621661829453174,0.027944558150308982,0.006369054411339559,0.026073953573826174,0.0360058903901736,0.05779719245215645,0.03143670145886815,0.08532390180229743,0.03475710594124933,0.039114503720608235,0.024113395693879876,0.03709742813025608,0.02710124025723144,0.03896967061216931,0.05264581414629608,0.04714281287011257,0.023778449655242135,0.03248247424869109,0.01821684809005968,0.011687214508787522,0.020683115351751425,0.043297194277916035,0.024623948021173913,0.05451180903221615,0.03243142915045256,0.0574421869287625,0.024859313689164587
2023-01-01,Eligible Universe Equal Weight,0.041666666666666664,0.041666666666666664,0.041666666666666664,0.0,0.041666666666666664,0.041666666666666664,0.041666666666666664,0.041666666666666664,0.041666666666666664,0.041666666666666664,0.041666666666666664,0.041666666666666664,0.041666666666666664,0.041666666666666664,0.041666666666666664,0.041666666666666664,0.0,0.041666666666666664,0.041666666666666664,0.0,0.041666666666666664,0.041666666666666664,0.041666666666666664,0.0,0.041666666666666664,0.041666666666666664,0.0,0.041666666666666664,0.041666666666666664
2023-01-01,Partitioning Selection,0.08333333333333333,0.0,0.0,0.0,0.0,0.08333333333333333,0.0,0.0,0.0,0.0,0.0,0.08333333333333333,0.08333333333333333,0.0,0.08333333333333333,0.08333333333333333,0.0,0.0,0.08333333333333333,0.0,0.08333333333333333,0.0,0.08333333333333333,0.0,0.08333333333333333,0.0,0.0,0.08333333333333333,0.08333333333333333
2023-01-01,Density Selection,0.0,0.08333333333333333,0.0,0.0,0.0,0.08333333333333333,0.0,0.0,0.0,0.0,0.08333333333333333,0.08333333333333333,0.0,0.08333333333333333,0.08333333333333333,0.08333333333333333,0.0,0.08333333333333333,0.08333333333333333,0.0,0.08333333333333333,0.0,0.0,0.0,0.08333333333333333,0.0,0.0,0.08333333333333333,0.0
2024-01-01,Equal Weight,0.03448275862069749,0.03448275862069749,0.03448275862069749,0.03448275862069749,0.03448275862069749,0.03448275862069749,0.03448275862069749,0.03448275862069749,0.03448275862069749,0.03448275862069749,0.03448275862069749,0.03448275862069749,0.03448275862069749,0.03448275862069749,0.03448275862069749,0.03448275862069749,0.03448275862069749,0.03448275862069749,0.03448275862069749,0.03448275862069749,0.03448275862069749,0.03448275862069749,0.03448275862069749,0.03448275862069749,0.03448275862069749,0.03448275862069749,0.03448275862069749,0.03448275862069749,0.03448275862069749
2024-01-01,Max Sharpe,6.191557769772879e-16,0.0,0.0,0.17087471938592752,0.17931463604214878,0.090362085173942,0.0,0.0,0.0,0.1668767912513078,0.0,0.0,2.553489042137886e-16,1.3519566269286907e-16,0.0,0.25,0.09620079486878225,0.0,0.0,1.422581159320972e-16,0.0,0.0,0.0,1.662900168772963e-16,0.04637097327789123,1.8611583408031957e-16,2.2934644766910157e-16,1.5651612975743117e-16,5.822227293302385e-16
2024-01-01,Inverse Volatility,0.039747985213531505,0.037908873135965894,0.03230981236540292,0.02342866455884566,0.014610445115058462,0.02727792473863953,0.0441423870475484,0.0336462134882713,0.03569999014723781,0.04222928588560943,0.04670407360245796,0.04768667232978375,0.027199691477791405,0.03757216189818827,0.040309061580200825,0.04113697196739786,0.035388423564032684,0.04968109046628375,0.03775990676935403,0.04171938415376178,0.032679072063061136,0.01498696663331017,0.03401974217968289,0.029066346744615286,0.022744606394454678,0.031721520125978266,0.026124900230891614,0.03332961047533598,0.03916821564661382
2024-01-01,Minimum Variance,3.082204332204044e-14,0.030423162511138056,3.082204332204044e-14,0.030044512744304676,3.082204332204044e-14,3.082204332204044e-14,0.03402295626138985,0.0409371796188786,0.011344896172432272,0.17679607581643914,0.016834498403660903,0.08921264670261982,3.082204332204044e-14,3.08232557564504e-14,0.07302121103037766,0.024727469145437674,0.12053983509998804,0.11551233934428427,3.082281183563823e-14,0.023288329003554507,3.082306625088807e-14,3.082837479032354e-14,3.082204332204044e-14,0.06228232943810232,3.082204332204044e-14,0.05452910923079488,0.007599972286414558,0.0888834771907068,3.082204332204044e-14
2024-01-01,Risk Parity,0.03370991367403153,0.03774471272278475,0.0286477818959591,0.037501753112046246,0.017240582585450054,0.026258138966064062,0.03480163494689577,0.03815874183754175,0.03270024650627838,0.05395093361248545,0.03725373894276789,0.03840243435292822,0.02727240555495988,0.03134067647590159,0.0402999485573937,0.03532901534306378,0.051631988702367224,0.041959492760780745,0.033706506177453494,0.03485300143306147,0.026897176262925326,0.018264171651675123,0.026293792378576337,0.03834742466706434,0.029625017701509417,0.038673790819226714,0.03360079982033242,0.045469485566542386,0.0300646929726253
2024-01-01,Maximum Diversification,3.395808837053073e-14,0.025466122479461013,3.388762763416283e-14,0.0779784977881198,0.0393525436540715,0.019708898455608585,3.390798371087034e-14,0.05693285204881654,3.388762763416283e-14,0.15005879288643031,3.388762763416283e-14,3.388762763416283e-14,0.009377643702299827,3.393416781905269e-14,0.0626127943039782,3.388762763416283e-14,0.10781597934420067,0.014181294754509919,3.388762763416283e-14,3.388762763416283e-14,3.391556215311288e-14,0.03970758708512334,3.407296904561934e-14,0.08321086282353779,0.04947002881660136,0.06710058443139441,0.05919441389578096,0.13783110353060793,3.388762763416283e-14
2024-01-01,Hierarchical Risk Parity,0.02835937120244447,0.028906168304222747,0.026842823878242023,0.02965401577394676,0.006587705137157031,0.026148630116797477,0.034668311292343865,0.05084782229778172,0.029068739008261683,0.09287900191837062,0.03658420042249482,0.04433034618552957,0.022831540408022707,0.03629875254046666,0.028678235975157087,0.0385970970253549,0.056559415230367005,0.044304577313794086,0.02516569248455359,0.030966836171966015,0.020818360264214346,0.01169815969738757,0.023279348024041746,0.04375919086547853,0.026794473879557683,0.048920895254469444,0.030824196060661238,0.049895392281475534,0.02573070098460518
2024-01-01,Eligible Universe Equal Weight,0.041666666666666664,0.041666666666666664,0.041666666666666664,0.0,0.041666666666666664,0.041666666666666664,0.041666666666666664,0.041666666666666664,0.041666666666666664,0.041666666666666664,0.041666666666666664,0.041666666666666664,0.041666666666666664,0.041666666666666664,0.041666666666666664,0.041666666666666664,0.0,0.041666666666666664,0.041666666666666664,0.0,0.041666666666666664,0.041666666666666664,0.041666666666666664,0.0,0.041666666666666664,0.041666666666666664,0.0,0.041666666666666664,0.041666666666666664
2024-01-01,Partitioning Selection,0.0,0.0,0.08333333333333333,0.0,0.08333333333333333,0.08333333333333333,0.0,0.08333333333333333,0.0,0.08333333333333333,0.0,0.0,0.08333333333333333,0.0,0.0,0.08333333333333333,0.0,0.0,0.08333333333333333,0.0,0.08333333333333333,0.0,0.08333333333333333,0.0,0.0,0.0,0.0,0.08333333333333333,0.08333333333333333
2024-01-01,Density Selection,0.0,0.08333333333333333,0.08333333333333333,0.0,0.08333333333333333,0.08333333333333333,0.0,0.0,0.0,0.0,0.08333333333333333,0.08333333333333333,0.08333333333333333,0.0,0.08333333333333333,0.08333333333333333,0.0,0.0,0.08333333333333333,0.0,0.08333333333333333,0.0,0.0,0.0,0.0,0.0,0.0,0.08333333333333333,0.0
2025-01-01,Equal Weight,0.03448275862069749,0.03448275862069749,0.03448275862069749,0.03448275862069749,0.03448275862069749,0.03448275862069749,0.03448275862069749,0.03448275862069749,0.03448275862069749,0.03448275862069749,0.03448275862069749,0.03448275862069749,0.03448275862069749,0.03448275862069749,0.03448275862069749,0.03448275862069749,0.03448275862069749,0.03448275862069749,0.03448275862069749,0.03448275862069749,0.03448275862069749,0.03448275862069749,0.03448275862069749,0.03448275862069749,0.03448275862069749,0.03448275862069749,0.03448275862069749,0.03448275862069749,0.03448275862069749
2025-01-01,Max Sharpe,0.0,1.7575378500970223e-16,0.0,0.1767969036243672,0.11214162270131288,0.11973558886916766,0.0,0.0,0.03492058876850682,0.11687167327116506,1.8182833598199259e-16,1.1660446018426348e-16,1.4867043214121275e-16,7.558645390645245e-17,9.290099215686529e-17,0.25,0.05834132644468521,1.3977172248537534e-16,1.156680448031863e-16,0.0,6.345446169152174e-18,0.0,0.0,1.142781398355947e-16,0.1311922963207959,1.1089539255988505e-16,0.0,2.2087303353158884e-17,0.0
2025-01-01,Inverse Volatility,0.039100043358118036,0.03880865452615269,0.03284984284461129,0.023628771467264324,0.01442304655445808,0.0276412326237973,0.04338314878460292,0.03324064057240596,0.0352283995535996,0.04274019210861927,0.04761988699839676,0.04730117906585975,0.026890261969479582,0.03757759418043893,0.04088573310884859,0.041309561227592474,0.034540238477565106,0.05005863469513635,0.03844113362284259,0.04031076435550831,0.03355466196197434,0.014707234136798046,0.03492116066721603,0.028920893106775123,0.022756497646306727,0.032230379119432724,0.024020294375691847,0.033051288373013105,0.0398586305169251
2025-01-01,Minimum Variance,0.0,0.038481825232374,0.0,0.028595725415984496,0.0,0.0,0.024127146308474144,0.03697350325806218,0.01477633381017244,0.1740589162192244,0.026223051378972843,0.08903440044606468,0.0,0.0,0.08081103665834755,0.04708830043144102,0.1062038564503101,0.1140653504585213,0.0,0.008122657487393525,0.0,0.0,0.0,0.05933373544810563,8.983816266506714e-05,0.05204506169928799,0.01843742505954182,0.08153183607463885,0.0
2025-01-01,Risk Parity,0.033662867258410105,0.038701640111843176,0.028895200427818256,0.03671021036176833,0.01682524079980372,0.026786851543359014,0.03402954773394941,0.037316671283254915,0.03336923367649599,0.05351447685917963,0.0379106628295116,0.03880906312348862,0.027980251770683154,0.031570729468757656,0.040937560988596654,0.035979465453667835,0.048418257824434256,0.04249567583771436,0.03496957047254677,0.03368932857030611,0.02738309838030605,0.01782000210297567,0.026845222576352544,0.037480550931453006,0.029784806072587502,0.038895793075384405,0.03421038253437204,0.044301939064500466,0.030705698866598914
2025-01-01,Maximum Diversification,0.0,0.035005770323004795,0.0,0.07660139003379032,0.038087534304064814,0.02606645206833698,0.0,0.05260055175670505,0.004614270020946527,0.1497441923836526,0.0,0.0,0.026095623092620514,0.0,0.05349132288236361,0.0,0.09294439171735647,0.028804106495367087,0.0,0.0,0.0,0.0329668869826241,0.0,0.0753340127812233,0.049294635192367584,0.05738064417035363,0.07107641283188502,0.12989180296242422,0.0
2025-01-01,Hierarchical Risk Parity,0.02682847241023294,0.028661022600695633,0.02945298476500838,0.02858244351177426,0.007552186374281115,0.02844082697561699,0.03966763822486721,0.052834998186743455,0.033236937678154346,0.09427194123764107,0.03953787746017427,0.03770099550162861,0.026251175462235998,0.03854079459098508,0.031811056116261775,0.04570211935907213,0.05206958130610012,0.04222473046379659,0.031144873848792037,0.028515666925177766,0.017534028548551513,0.009597312649370493,0.021262482527328715,0.03725972988375301,0.023068913815533953,0.04609124701928648,0.025181991499880554,0.05223477338303308,0.024741197674892534
2025-01-01,Eligible Universe Equal Weight,0.041666666666666664,0.041666666666666664,0.041666666666666664,0.0,0.041666666666666664,0.041666666666666664,0.041666666666666664,0.041666666666666664,0.041666666666666664,0.041666666666666664,0.041666666666666664,0.041666666666666664,0.041666666666666664,0.041666666666666664,0.041666666666666664,0.041666666666666664,0.0,0.041666666666666664,0.041666666666666664,0.0,0.041666666666666664,0.041666666666666664,0.041666666666666664,0.0,0.041666666666666664,0.041666666666666664,0.0,0.041666666666666664,0.041666666666666664
2025-01-01,Partitioning Selection,0.0,0.0,0.08333333333333333,0.0,0.0,0.0,0.0,0.08333333333333333,0.0,0.08333333333333333,0.0,0.08333333333333333,0.08333333333333333,0.0,0.08333333333333333,0.08333333333333333,0.0,0.0,0.08333333333333333,0.0,0.0,0.0,0.0,0.0,0.08333333333333333,0.08333333333333333,0.0,0.08333333333333333,0.08333333333333333
2025-01-01,Density Selection,0.0,0.0,0.08333333333333333,0.0,0.0,0.08333333333333333,0.0,0.08333333333333333,0.0,0.0,0.0,0.08333333333333333,0.08333333333333333,0.0,0.08333333333333333,0.08333333333333333,0.0,0.0,0.08333333333333333,0.0,0.08333333333333333,0.0,0.0,0.0,0.08333333333333333,0.0,0.0,0.08333333333333333,0.08333333333333333
