Ticker,Company,Sector,Annual Returns Available,Used in Final Backtest Year
DEO,Diageo,Alcohol,6,True
BUD,Anheuser-Busch InBev,Alcohol,6,True
STZ,Constellation Brands,Alcohol,6,True
BF-B,Brown-Forman,Alcohol,6,True
PRMBF,Pernod Ricard,Alcohol,6,True
MNST,Monster Beverage,Energy Drinks,6,True
CELH,Celsius Holdings,Energy Drinks,6,True
KDP,Keurig Dr Pepper,Energy Drinks,6,True
PEP,PepsiCo,Energy Drinks,6,True
KO,Coca-Cola,Energy Drinks,6,True
META,Meta Platforms,Social Media,6,True
PINS,Pinterest,Social Media,6,True
SNAP,Snap Inc.,Social Media,6,True
RDDT,Reddit,Social Media,2,False
BIDU,Baidu,Social Media,6,True
PM,Philip Morris,Tobacco & Nicotine,6,True
BTI,British American Tobacco,Tobacco & Nicotine,6,True
MO,Altria,Tobacco & Nicotine,6,True
UVV,Universal Corporation,Tobacco & Nicotine,6,True
TPB,Turning Point Brands,Tobacco & Nicotine,6,True
MTCH,Match Group,Dating Apps,6,True
BMBL,Bumble,Dating Apps,5,True
LOV,Spark Networks,Dating Apps,0,False
PSM.DE,ProSiebenSat.1 Media,Dating Apps,6,True
MTY,MTY Food Group,Dating Apps,6,True
