Year,Strategy,Ticker,Company,Sector,Weight,Target Allocation (₹),Eligible
2025,Equal Weight,DEO,Diageo,Alcohol,0.043478260869565216,434782.60869565216,True
2025,Equal Weight,BUD,Anheuser-Busch InBev,Alcohol,0.043478260869565216,434782.60869565216,True
2025,Equal Weight,STZ,Constellation Brands,Alcohol,0.043478260869565216,434782.60869565216,True
2025,Equal Weight,BF-B,Brown-Forman,Alcohol,0.043478260869565216,434782.60869565216,True
2025,Equal Weight,PRMBF,Pernod Ricard,Alcohol,0.043478260869565216,434782.60869565216,True
2025,Equal Weight,MNST,Monster Beverage,Energy Drinks,0.043478260869565216,434782.60869565216,True
2025,Equal Weight,CELH,Celsius Holdings,Energy Drinks,0.043478260869565216,434782.60869565216,True
2025,Equal Weight,KDP,Keurig Dr Pepper,Energy Drinks,0.043478260869565216,434782.60869565216,True
2025,Equal Weight,PEP,PepsiCo,Energy Drinks,0.043478260869565216,434782.60869565216,True
2025,Equal Weight,KO,Coca-Cola,Energy Drinks,0.043478260869565216,434782.60869565216,True
2025,Equal Weight,META,Meta Platforms,Social Media,0.043478260869565216,434782.60869565216,True
2025,Equal Weight,PINS,Pinterest,Social Media,0.043478260869565216,434782.60869565216,True
2025,Equal Weight,SNAP,Snap Inc.,Social Media,0.043478260869565216,434782.60869565216,True
2025,Equal Weight,RDDT,Reddit,Social Media,0.0,0.0,False
2025,Equal Weight,BIDU,Baidu,Social Media,0.043478260869565216,434782.60869565216,True
2025,Equal Weight,PM,Philip Morris,Tobacco & Nicotine,0.043478260869565216,434782.60869565216,True
2025,Equal Weight,BTI,British American Tobacco,Tobacco & Nicotine,0.043478260869565216,434782.60869565216,True
2025,Equal Weight,MO,Altria,Tobacco & Nicotine,0.043478260869565216,434782.60869565216,True
2025,Equal Weight,UVV,Universal Corporation,Tobacco & Nicotine,0.043478260869565216,434782.60869565216,True
2025,Equal Weight,TPB,Turning Point Brands,Tobacco & Nicotine,0.043478260869565216,434782.60869565216,True
2025,Equal Weight,MTCH,Match Group,Dating Apps,0.043478260869565216,434782.60869565216,True
2025,Equal Weight,BMBL,Bumble,Dating Apps,0.043478260869565216,434782.60869565216,True
2025,Equal Weight,LOV,Spark Networks,Dating Apps,0.0,0.0,False
2025,Equal Weight,PSM.DE,ProSiebenSat.1 Media,Dating Apps,0.043478260869565216,434782.60869565216,True
2025,Equal Weight,MTY,MTY Food Group,Dating Apps,0.043478260869565216,434782.60869565216,True
2025,Mean-Variance Optimization,DEO,Diageo,Alcohol,0.0,0.0,True
2025,Mean-Variance Optimization,BUD,Anheuser-Busch InBev,Alcohol,0.0,0.0,True
2025,Mean-Variance Optimization,STZ,Constellation Brands,Alcohol,5.80685687279981e-17,5.80685687279981e-10,True
2025,Mean-Variance Optimization,BF-B,Brown-Forman,Alcohol,4.021358950208226e-17,4.021358950208226e-10,True
2025,Mean-Variance Optimization,PRMBF,Pernod Ricard,Alcohol,0.0,0.0,True
2025,Mean-Variance Optimization,MNST,Monster Beverage,Energy Drinks,0.0,0.0,True
2025,Mean-Variance Optimization,CELH,Celsius Holdings,Energy Drinks,0.07609214845276807,760921.4845276807,True
2025,Mean-Variance Optimization,KDP,Keurig Dr Pepper,Energy Drinks,1.4295240582055682e-16,1.429524058205568e-09,True
2025,Mean-Variance Optimization,PEP,PepsiCo,Energy Drinks,2.9734312841237714e-16,2.9734312841237713e-09,True
2025,Mean-Variance Optimization,KO,Coca-Cola,Energy Drinks,7.119316301851066e-16,7.119316301851066e-09,True
2025,Mean-Variance Optimization,META,Meta Platforms,Social Media,0.2601413373291179,2601413.373291179,True
2025,Mean-Variance Optimization,PINS,Pinterest,Social Media,0.0,0.0,True
2025,Mean-Variance Optimization,SNAP,Snap Inc.,Social Media,0.0,0.0,True
2025,Mean-Variance Optimization,RDDT,Reddit,Social Media,0.0,0.0,False
2025,Mean-Variance Optimization,BIDU,Baidu,Social Media,0.0,0.0,True
2025,Mean-Variance Optimization,PM,Philip Morris,Tobacco & Nicotine,0.299999999999999,2999999.9999999898,True
2025,Mean-Variance Optimization,BTI,British American Tobacco,Tobacco & Nicotine,0.06376651421811434,637665.1421811434,True
2025,Mean-Variance Optimization,MO,Altria,Tobacco & Nicotine,0.2999999999999987,2999999.999999987,True
2025,Mean-Variance Optimization,UVV,Universal Corporation,Tobacco & Nicotine,0.0,0.0,True
2025,Mean-Variance Optimization,TPB,Turning Point Brands,Tobacco & Nicotine,0.0,0.0,True
2025,Mean-Variance Optimization,MTCH,Match Group,Dating Apps,0.0,0.0,True
2025,Mean-Variance Optimization,BMBL,Bumble,Dating Apps,3.634148194166344e-16,3.634148194166344e-09,True
2025,Mean-Variance Optimization,LOV,Spark Networks,Dating Apps,0.0,0.0,False
2025,Mean-Variance Optimization,PSM.DE,ProSiebenSat.1 Media,Dating Apps,1.180270316317558e-16,1.180270316317558e-09,True
2025,Mean-Variance Optimization,MTY,MTY Food Group,Dating Apps,0.0,0.0,True
2025,Maximum Sharpe Ratio,DEO,Diageo,Alcohol,7.103953173810093e-16,7.103953173810093e-09,True
2025,Maximum Sharpe Ratio,BUD,Anheuser-Busch InBev,Alcohol,4.965049644353771e-16,4.965049644353771e-09,True
2025,Maximum Sharpe Ratio,STZ,Constellation Brands,Alcohol,8.182447410395482e-16,8.182447410395482e-09,True
2025,Maximum Sharpe Ratio,BF-B,Brown-Forman,Alcohol,5.27305116395875e-16,5.27305116395875e-09,True
2025,Maximum Sharpe Ratio,PRMBF,Pernod Ricard,Alcohol,2.510417906605403e-16,2.510417906605403e-09,True
2025,Maximum Sharpe Ratio,MNST,Monster Beverage,Energy Drinks,8.812174076321781e-17,8.81217407632178e-10,True
2025,Maximum Sharpe Ratio,CELH,Celsius Holdings,Energy Drinks,0.03074751388456743,307475.1388456743,True
2025,Maximum Sharpe Ratio,KDP,Keurig Dr Pepper,Energy Drinks,5.787061919057899e-16,5.7870619190578995e-09,True
2025,Maximum Sharpe Ratio,PEP,PepsiCo,Energy Drinks,0.053955522155673626,539555.2215567363,True
2025,Maximum Sharpe Ratio,KO,Coca-Cola,Energy Drinks,0.10247198610337378,1024719.8610337378,True
2025,Maximum Sharpe Ratio,META,Meta Platforms,Social Media,0.09687827436316343,968782.7436316343,True
2025,Maximum Sharpe Ratio,PINS,Pinterest,Social Media,2.2601809132131577e-15,2.2601809132131576e-08,True
2025,Maximum Sharpe Ratio,SNAP,Snap Inc.,Social Media,3.629250628248997e-15,3.6292506282489975e-08,True
2025,Maximum Sharpe Ratio,RDDT,Reddit,Social Media,0.0,0.0,False
2025,Maximum Sharpe Ratio,BIDU,Baidu,Social Media,2.0873545659599584e-15,2.0873545659599584e-08,True
2025,Maximum Sharpe Ratio,PM,Philip Morris,Tobacco & Nicotine,0.24415122144426957,2441512.2144426955,True
2025,Maximum Sharpe Ratio,BTI,British American Tobacco,Tobacco & Nicotine,0.1531927458796705,1531927.458796705,True
2025,Maximum Sharpe Ratio,MO,Altria,Tobacco & Nicotine,0.17308905490761753,1730890.5490761753,True
2025,Maximum Sharpe Ratio,UVV,Universal Corporation,Tobacco & Nicotine,0.14551368126164094,1455136.8126164093,True
2025,Maximum Sharpe Ratio,TPB,Turning Point Brands,Tobacco & Nicotine,9.301859120155327e-16,9.301859120155327e-09,True
2025,Maximum Sharpe Ratio,MTCH,Match Group,Dating Apps,5.320688235875572e-15,5.320688235875572e-08,True
2025,Maximum Sharpe Ratio,BMBL,Bumble,Dating Apps,3.3910131878577122e-15,3.3910131878577125e-08,True
2025,Maximum Sharpe Ratio,LOV,Spark Networks,Dating Apps,0.0,0.0,False
2025,Maximum Sharpe Ratio,PSM.DE,ProSiebenSat.1 Media,Dating Apps,1.9776367996443157e-15,1.9776367996443156e-08,True
2025,Maximum Sharpe Ratio,MTY,MTY Food Group,Dating Apps,2.504873524446598e-16,2.504873524446598e-09,True
2025,Minimum Variance,DEO,Diageo,Alcohol,0.00024503658314490873,2450.365831449087,True
2025,Minimum Variance,BUD,Anheuser-Busch InBev,Alcohol,0.10910593062643137,1091059.3062643136,True
2025,Minimum Variance,STZ,Constellation Brands,Alcohol,0.038568881056899464,385688.8105689946,True
2025,Minimum Variance,BF-B,Brown-Forman,Alcohol,0.05028224298048459,502822.4298048459,True
2025,Minimum Variance,PRMBF,Pernod Ricard,Alcohol,0.01227928127415828,122792.8127415828,True
2025,Minimum Variance,MNST,Monster Beverage,Energy Drinks,0.052036806166064806,520368.06166064803,True
2025,Minimum Variance,CELH,Celsius Holdings,Energy Drinks,3.2029916077608006e-18,3.2029916077608006e-11,True
2025,Minimum Variance,KDP,Keurig Dr Pepper,Energy Drinks,0.04675696839923979,467569.6839923979,True
2025,Minimum Variance,PEP,PepsiCo,Energy Drinks,0.05505857417448448,550585.7417448448,True
2025,Minimum Variance,KO,Coca-Cola,Energy Drinks,0.08203533036183681,820353.3036183681,True
2025,Minimum Variance,META,Meta Platforms,Social Media,0.006868985654789213,68689.85654789212,True
2025,Minimum Variance,PINS,Pinterest,Social Media,0.0,0.0,True
2025,Minimum Variance,SNAP,Snap Inc.,Social Media,5.028802783420095e-18,5.0288027834200946e-11,True
2025,Minimum Variance,RDDT,Reddit,Social Media,0.0,0.0,False
2025,Minimum Variance,BIDU,Baidu,Social Media,0.03460472650284783,346047.2650284783,True
2025,Minimum Variance,PM,Philip Morris,Tobacco & Nicotine,0.07834144128497915,783414.4128497915,True
2025,Minimum Variance,BTI,British American Tobacco,Tobacco & Nicotine,0.09983193713780841,998319.3713780842,True
2025,Minimum Variance,MO,Altria,Tobacco & Nicotine,0.07302190940936053,730219.0940936053,True
2025,Minimum Variance,UVV,Universal Corporation,Tobacco & Nicotine,0.07745782605868763,774578.2605868763,True
2025,Minimum Variance,TPB,Turning Point Brands,Tobacco & Nicotine,0.017498324529080213,174983.24529080212,True
2025,Minimum Variance,MTCH,Match Group,Dating Apps,0.0,0.0,True
2025,Minimum Variance,BMBL,Bumble,Dating Apps,0.10285775034103103,1028577.5034103104,True
2025,Minimum Variance,LOV,Spark Networks,Dating Apps,0.0,0.0,False
2025,Minimum Variance,PSM.DE,ProSiebenSat.1 Media,Dating Apps,0.01179734670165873,117973.4670165873,True
2025,Minimum Variance,MTY,MTY Food Group,Dating Apps,0.05135070075701281,513507.00757012813,True
2025,Risk Parity,DEO,Diageo,Alcohol,0.07288670612378391,728867.061237839,True
2025,Risk Parity,BUD,Anheuser-Busch InBev,Alcohol,0.0,0.0,True
2025,Risk Parity,STZ,Constellation Brands,Alcohol,0.07100213777373025,710021.3777373026,True
2025,Risk Parity,BF-B,Brown-Forman,Alcohol,0.06534385524115924,653438.5524115923,True
2025,Risk Parity,PRMBF,Pernod Ricard,Alcohol,0.06849258768504171,684925.8768504171,True
2025,Risk Parity,MNST,Monster Beverage,Energy Drinks,0.058118370643603416,581183.7064360342,True
2025,Risk Parity,CELH,Celsius Holdings,Energy Drinks,0.0032149767275212356,32149.767275212354,True
2025,Risk Parity,KDP,Keurig Dr Pepper,Energy Drinks,0.09687086147838878,968708.6147838878,True
2025,Risk Parity,PEP,PepsiCo,Energy Drinks,0.10911812250241547,1091181.2250241546,True
2025,Risk Parity,KO,Coca-Cola,Energy Drinks,0.0,0.0,True
2025,Risk Parity,META,Meta Platforms,Social Media,0.027787156119695663,277871.5611969566,True
2025,Risk Parity,PINS,Pinterest,Social Media,0.010772741310796806,107727.41310796805,True
2025,Risk Parity,SNAP,Snap Inc.,Social Media,0.009854275810311142,98542.75810311142,True
2025,Risk Parity,RDDT,Reddit,Social Media,0.0,0.0,False
2025,Risk Parity,BIDU,Baidu,Social Media,0.03541312164013194,354131.21640131937,True
2025,Risk Parity,PM,Philip Morris,Tobacco & Nicotine,0.0,0.0,True
2025,Risk Parity,BTI,British American Tobacco,Tobacco & Nicotine,0.0,0.0,True
2025,Risk Parity,MO,Altria,Tobacco & Nicotine,0.0,0.0,True
2025,Risk Parity,UVV,Universal Corporation,Tobacco & Nicotine,0.12925348628938316,1292534.8628938317,True
2025,Risk Parity,TPB,Turning Point Brands,Tobacco & Nicotine,0.06358789432266726,635878.9432266726,True
2025,Risk Parity,MTCH,Match Group,Dating Apps,0.020290243555412424,202902.43555412424,True
2025,Risk Parity,BMBL,Bumble,Dating Apps,0.0,0.0,True
2025,Risk Parity,LOV,Spark Networks,Dating Apps,0.0,0.0,False
2025,Risk Parity,PSM.DE,ProSiebenSat.1 Media,Dating Apps,0.06943157927065782,694315.7927065783,True
2025,Risk Parity,MTY,MTY Food Group,Dating Apps,0.08856188350529984,885618.8350529984,True
2025,Kelly Criterion,DEO,Diageo,Alcohol,0.0,0.0,True
2025,Kelly Criterion,BUD,Anheuser-Busch InBev,Alcohol,0.0,0.0,True
2025,Kelly Criterion,STZ,Constellation Brands,Alcohol,0.0,0.0,True
2025,Kelly Criterion,BF-B,Brown-Forman,Alcohol,0.0,0.0,True
2025,Kelly Criterion,PRMBF,Pernod Ricard,Alcohol,3.0458245545547114e-16,3.0458245545547116e-09,True
2025,Kelly Criterion,MNST,Monster Beverage,Energy Drinks,0.0,0.0,True
2025,Kelly Criterion,CELH,Celsius Holdings,Energy Drinks,0.12982620178815021,1298262.0178815022,True
2025,Kelly Criterion,KDP,Keurig Dr Pepper,Energy Drinks,3.9185392098673e-16,3.9185392098673e-09,True
2025,Kelly Criterion,PEP,PepsiCo,Energy Drinks,8.475658199728263e-17,8.475658199728263e-10,True
2025,Kelly Criterion,KO,Coca-Cola,Energy Drinks,0.0,0.0,True
2025,Kelly Criterion,META,Meta Platforms,Social Media,0.29999999999999943,2999999.9999999944,True
2025,Kelly Criterion,PINS,Pinterest,Social Media,0.0,0.0,True
2025,Kelly Criterion,SNAP,Snap Inc.,Social Media,0.0,0.0,True
2025,Kelly Criterion,RDDT,Reddit,Social Media,0.0,0.0,False
2025,Kelly Criterion,BIDU,Baidu,Social Media,0.0,0.0,True
2025,Kelly Criterion,PM,Philip Morris,Tobacco & Nicotine,0.29999999999999943,2999999.9999999944,True
2025,Kelly Criterion,BTI,British American Tobacco,Tobacco & Nicotine,0.0,0.0,True
2025,Kelly Criterion,MO,Altria,Tobacco & Nicotine,0.2654201371534724,2654201.371534724,True
2025,Kelly Criterion,UVV,Universal Corporation,Tobacco & Nicotine,0.0,0.0,True
2025,Kelly Criterion,TPB,Turning Point Brands,Tobacco & Nicotine,0.004753661058377766,47536.61058377766,True
2025,Kelly Criterion,MTCH,Match Group,Dating Apps,0.0,0.0,True
2025,Kelly Criterion,BMBL,Bumble,Dating Apps,0.0,0.0,True
2025,Kelly Criterion,LOV,Spark Networks,Dating Apps,0.0,0.0,False
2025,Kelly Criterion,PSM.DE,ProSiebenSat.1 Media,Dating Apps,0.0,0.0,True
2025,Kelly Criterion,MTY,MTY Food Group,Dating Apps,6.262721486016291e-17,6.262721486016291e-10,True
2025,Core-Satellite,DEO,Diageo,Alcohol,0.05098436072875019,509843.6072875019,True
2025,Core-Satellite,BUD,Anheuser-Busch InBev,Alcohol,0.10122453319039468,1012245.3319039468,True
2025,Core-Satellite,STZ,Constellation Brands,Alcohol,0.1041010652444658,1041010.652444658,True
2025,Core-Satellite,BF-B,Brown-Forman,Alcohol,0.06764164979984487,676416.4979984487,True
2025,Core-Satellite,PRMBF,Pernod Ricard,Alcohol,0.051048391036544405,510483.910365444,True
2025,Core-Satellite,MNST,Monster Beverage,Energy Drinks,0.014339895852340516,143398.95852340516,True
2025,Core-Satellite,CELH,Celsius Holdings,Energy Drinks,0.0006900779087886133,6900.779087886132,True
2025,Core-Satellite,KDP,Keurig Dr Pepper,Energy Drinks,0.029602763826045615,296027.63826045615,True
2025,Core-Satellite,PEP,PepsiCo,Energy Drinks,0.025367262412825255,253672.62412825256,True
2025,Core-Satellite,KO,Coca-Cola,Energy Drinks,0.03,300000.0,True
2025,Core-Satellite,META,Meta Platforms,Social Media,0.026914592169410563,269145.9216941056,True
2025,Core-Satellite,PINS,Pinterest,Social Media,0.020469132203881198,204691.32203881198,True
2025,Core-Satellite,SNAP,Snap Inc.,Social Media,0.02261627562670823,226162.7562670823,True
2025,Core-Satellite,RDDT,Reddit,Social Media,0.0,0.0,False
2025,Core-Satellite,BIDU,Baidu,Social Media,0.03,300000.0,True
2025,Core-Satellite,PM,Philip Morris,Tobacco & Nicotine,0.11249999999999999,1125000.0,True
2025,Core-Satellite,BTI,British American Tobacco,Tobacco & Nicotine,0.07828826035651061,782882.6035651062,True
2025,Core-Satellite,MO,Altria,Tobacco & Nicotine,0.07939257617769135,793925.7617769135,True
2025,Core-Satellite,UVV,Universal Corporation,Tobacco & Nicotine,0.0804161408346948,804161.408346948,True
2025,Core-Satellite,TPB,Turning Point Brands,Tobacco & Nicotine,0.024403022631103256,244030.22631103257,True
2025,Core-Satellite,MTCH,Match Group,Dating Apps,0.005109840710512364,51098.407105123646,True
2025,Core-Satellite,BMBL,Bumble,Dating Apps,0.015,150000.0,True
2025,Core-Satellite,LOV,Spark Networks,Dating Apps,0.0,0.0,False
2025,Core-Satellite,PSM.DE,ProSiebenSat.1 Media,Dating Apps,0.014890159289487637,148901.59289487638,True
2025,Core-Satellite,MTY,MTY Food Group,Dating Apps,0.015,150000.0,True
2025,Factor-Based,DEO,Diageo,Alcohol,0.02789855072463768,278985.50724637683,True
2025,Factor-Based,BUD,Anheuser-Busch InBev,Alcohol,0.0358695652173913,358695.65217391297,True
2025,Factor-Based,STZ,Constellation Brands,Alcohol,0.052173913043478265,521739.13043478265,True
2025,Factor-Based,BF-B,Brown-Forman,Alcohol,0.02717391304347826,271739.1304347826,True
2025,Factor-Based,PRMBF,Pernod Ricard,Alcohol,0.02717391304347826,271739.1304347826,True
2025,Factor-Based,MNST,Monster Beverage,Energy Drinks,0.06376811594202898,637681.1594202898,True
2025,Factor-Based,CELH,Celsius Holdings,Energy Drinks,0.057971014492753624,579710.1449275363,True
2025,Factor-Based,KDP,Keurig Dr Pepper,Energy Drinks,0.049275362318840575,492753.62318840576,True
2025,Factor-Based,PEP,PepsiCo,Energy Drinks,0.0568840579710145,568840.579710145,True
2025,Factor-Based,KO,Coca-Cola,Energy Drinks,0.06920289855072465,692028.9855072465,True
2025,Factor-Based,META,Meta Platforms,Social Media,0.05942028985507247,594202.8985507247,True
2025,Factor-Based,PINS,Pinterest,Social Media,0.0394927536231884,394927.53623188403,True
2025,Factor-Based,SNAP,Snap Inc.,Social Media,0.02246376811594203,224637.6811594203,True
2025,Factor-Based,RDDT,Reddit,Social Media,0.0,0.0,False
2025,Factor-Based,BIDU,Baidu,Social Media,0.0213768115942029,213768.11594202902,True
2025,Factor-Based,PM,Philip Morris,Tobacco & Nicotine,0.06884057971014491,688405.7971014491,True
2025,Factor-Based,BTI,British American Tobacco,Tobacco & Nicotine,0.04528985507246377,452898.5507246377,True
2025,Factor-Based,MO,Altria,Tobacco & Nicotine,0.05543478260869566,554347.8260869565,True
2025,Factor-Based,UVV,Universal Corporation,Tobacco & Nicotine,0.051086956521739134,510869.56521739135,True
2025,Factor-Based,TPB,Turning Point Brands,Tobacco & Nicotine,0.05434782608695652,543478.2608695652,True
2025,Factor-Based,MTCH,Match Group,Dating Apps,0.013043478260869565,130434.78260869565,True
2025,Factor-Based,BMBL,Bumble,Dating Apps,0.02644927536231884,264492.7536231884,True
2025,Factor-Based,LOV,Spark Networks,Dating Apps,0.0,0.0,False
2025,Factor-Based,PSM.DE,ProSiebenSat.1 Media,Dating Apps,0.02463768115942029,246376.8115942029,True
2025,Factor-Based,MTY,MTY Food Group,Dating Apps,0.050724637681159424,507246.37681159424,True
2025,Black-Litterman,DEO,Diageo,Alcohol,0.0284802038160375,284802.038160375,True
2025,Black-Litterman,BUD,Anheuser-Busch InBev,Alcohol,0.0,0.0,True
2025,Black-Litterman,STZ,Constellation Brands,Alcohol,0.0,0.0,True
2025,Black-Litterman,BF-B,Brown-Forman,Alcohol,3.7481741227658715e-18,3.7481741227658716e-11,True
2025,Black-Litterman,PRMBF,Pernod Ricard,Alcohol,0.0,0.0,True
2025,Black-Litterman,MNST,Monster Beverage,Energy Drinks,8.236056409194983e-18,8.236056409194983e-11,True
2025,Black-Litterman,CELH,Celsius Holdings,Energy Drinks,0.29999999999999993,2999999.9999999995,True
2025,Black-Litterman,KDP,Keurig Dr Pepper,Energy Drinks,2.6256259459763398e-18,2.6256259459763396e-11,True
2025,Black-Litterman,PEP,PepsiCo,Energy Drinks,0.0,0.0,True
2025,Black-Litterman,KO,Coca-Cola,Energy Drinks,6.274921814528529e-18,6.274921814528528e-11,True
2025,Black-Litterman,META,Meta Platforms,Social Media,0.21170644092871965,2117064.4092871966,True
2025,Black-Litterman,PINS,Pinterest,Social Media,0.0,0.0,True
2025,Black-Litterman,SNAP,Snap Inc.,Social Media,0.29999999999999993,2999999.9999999995,True
2025,Black-Litterman,RDDT,Reddit,Social Media,0.0,0.0,False
2025,Black-Litterman,BIDU,Baidu,Social Media,1.068656650492984e-17,1.068656650492984e-10,True
2025,Black-Litterman,PM,Philip Morris,Tobacco & Nicotine,1.0481310633235387e-17,1.0481310633235386e-10,True
2025,Black-Litterman,BTI,British American Tobacco,Tobacco & Nicotine,6.861548472520873e-18,6.861548472520873e-11,True
2025,Black-Litterman,MO,Altria,Tobacco & Nicotine,0.0,0.0,True
2025,Black-Litterman,UVV,Universal Corporation,Tobacco & Nicotine,5.1809853347019724e-18,5.180985334701973e-11,True
2025,Black-Litterman,TPB,Turning Point Brands,Tobacco & Nicotine,0.030390868258423884,303908.6825842388,True
2025,Black-Litterman,MTCH,Match Group,Dating Apps,0.12942248699681902,1294224.86996819,True
2025,Black-Litterman,BMBL,Bumble,Dating Apps,8.508259242409808e-18,8.508259242409809e-11,True
2025,Black-Litterman,LOV,Spark Networks,Dating Apps,0.0,0.0,False
2025,Black-Litterman,PSM.DE,ProSiebenSat.1 Media,Dating Apps,6.544112275526355e-18,6.544112275526355e-11,True
2025,Black-Litterman,MTY,MTY Food Group,Dating Apps,6.479558707670771e-18,6.47955870767077e-11,True
2025,Behavioral Finance (Custom),DEO,Diageo,Alcohol,0.03398957381916679,339895.73819166794,True
2025,Behavioral Finance (Custom),BUD,Anheuser-Busch InBev,Alcohol,0.06748302212692979,674830.2212692979,True
2025,Behavioral Finance (Custom),STZ,Constellation Brands,Alcohol,0.0694007101629772,694007.1016297721,True
2025,Behavioral Finance (Custom),BF-B,Brown-Forman,Alcohol,0.04509443319989658,450944.3319989658,True
2025,Behavioral Finance (Custom),PRMBF,Pernod Ricard,Alcohol,0.0340322606910296,340322.606910296,True
2025,Behavioral Finance (Custom),MNST,Monster Beverage,Energy Drinks,0.025811812534212924,258118.12534212923,True
2025,Behavioral Finance (Custom),CELH,Celsius Holdings,Energy Drinks,0.0012421402358195035,12421.402358195035,True
2025,Behavioral Finance (Custom),KDP,Keurig Dr Pepper,Energy Drinks,0.0532849748868821,532849.748868821,True
2025,Behavioral Finance (Custom),PEP,PepsiCo,Energy Drinks,0.04566107234308545,456610.7234308545,True
2025,Behavioral Finance (Custom),KO,Coca-Cola,Energy Drinks,0.054,540000.0,True
2025,Behavioral Finance (Custom),META,Meta Platforms,Social Media,0.04575480668799796,457548.06687997957,True
2025,Behavioral Finance (Custom),PINS,Pinterest,Social Media,0.03479752474659804,347975.24746598036,True
2025,Behavioral Finance (Custom),SNAP,Snap Inc.,Social Media,0.038447668565403985,384476.68565403984,True
2025,Behavioral Finance (Custom),RDDT,Reddit,Social Media,0.0,0.0,False
2025,Behavioral Finance (Custom),BIDU,Baidu,Social Media,0.051000000000000004,510000.00000000006,True
2025,Behavioral Finance (Custom),PM,Philip Morris,Tobacco & Nicotine,0.09,900000.0,True
2025,Behavioral Finance (Custom),BTI,British American Tobacco,Tobacco & Nicotine,0.06263060828520849,626306.0828520849,True
2025,Behavioral Finance (Custom),MO,Altria,Tobacco & Nicotine,0.06351406094215307,635140.6094215307,True
2025,Behavioral Finance (Custom),UVV,Universal Corporation,Tobacco & Nicotine,0.06433291266775583,643329.1266775583,True
2025,Behavioral Finance (Custom),TPB,Turning Point Brands,Tobacco & Nicotine,0.019522418104882606,195224.18104882605,True
2025,Behavioral Finance (Custom),MTCH,Match Group,Dating Apps,0.010219681421024729,102196.81421024729,True
2025,Behavioral Finance (Custom),BMBL,Bumble,Dating Apps,0.03,300000.0,True
2025,Behavioral Finance (Custom),LOV,Spark Networks,Dating Apps,0.0,0.0,False
2025,Behavioral Finance (Custom),PSM.DE,ProSiebenSat.1 Media,Dating Apps,0.029780318578975274,297803.18578975275,True
2025,Behavioral Finance (Custom),MTY,MTY Food Group,Dating Apps,0.03,300000.0,True
