Ticker,Company,Sector,2020,2021,2022,2023,2024,2025
DEO,Diageo,Alcohol,-2.29,41.72,-17.4,-16.28,-10.09,-29.31
BUD,Anheuser-Busch InBev,Alcohol,-15.42,-12.66,0.12,9.04,-21.37,30.12
STZ,Constellation Brands,Alcohol,18.32,16.12,-6.43,5.83,-7.11,-35.99
BF-B,Brown-Forman,Alcohol,19.63,-6.07,-8.86,-11.9,-32.23,-29.29
PRMBF,Pernod Ricard,Alcohol,-0.45,37.02,-11.15,-10.77,-28.9,-29.2
MNST,Monster Beverage,Energy Drinks,45.18,3.85,5.72,13.48,-8.77,45.87
CELH,Celsius Holdings,Energy Drinks,959.16,48.22,39.52,57.21,-51.69,73.65
KDP,Keurig Dr Pepper,Energy Drinks,13.26,17.49,-1.23,-4.24,-1.05,-10.14
PEP,PepsiCo,Energy Drinks,12.37,20.56,6.78,-3.29,-7.6,-1.84
KO,Coca-Cola,Energy Drinks,3.14,11.37,10.61,-4.43,8.88,15.6
META,Meta Platforms,Social Media,30.21,23.13,-64.22,194.13,66.05,13.09
PINS,Pinterest,Social Media,250.53,-44.84,-33.2,52.55,-21.71,-10.72
SNAP,Snap Inc.,Social Media,198.39,-6.07,-80.97,89.16,-36.39,-25.07
RDDT,Reddit,Social Media,,,,,224.03,40.64
BIDU,Baidu,Social Media,56.45,-31.19,-23.13,4.12,-29.2,54.98
PM,Philip Morris,Tobacco & Nicotine,3.57,20.78,12.31,-1.85,34.34,37.99
BTI,British American Tobacco,Tobacco & Nicotine,-5.64,7.95,15.11,-20.09,35.44,65.81
MO,Altria,Tobacco & Nicotine,-9.01,24.18,4.37,-3.7,40.76,18.17
UVV,Universal Corporation,Tobacco & Nicotine,-8.68,19.59,1.82,35.79,-13.39,2.27
TPB,Turning Point Brands,Tobacco & Nicotine,60.38,-14.79,-42.19,23.06,130.09,81.04
MTCH,Match Group,Dating Apps,79.58,-12.53,-68.63,-12.03,-10.38,1.04
BMBL,Bumble,Dating Apps,,-51.84,-37.83,-29.98,-44.78,-56.14
LOV,Spark Networks,Dating Apps,,,,,,
PSM.DE,ProSiebenSat.1 Media,Dating Apps,-2.03,4.56,-35.54,-33.33,-9.83,-1.13
MTY,MTY Food Group,Dating Apps,3.93,9.83,-8.44,0.66,-17.12,-13.94
