Date,Equal Weight,Max Sharpe,Inverse Volatility,Minimum Variance,Risk Parity,Maximum Diversification,SPY
2020-01-03,0.011708121825965367,0.004763820461083368,0.01092585126520973,0.007056371453080246,0.010049327857578394,0.00792672241422454,0.005479091216573324
2020-01-10,0.013801150168491594,0.020896788512022146,0.013223836130280997,0.011911577311419785,0.013086956718691978,0.013381560677264481,0.01307238177233882
2020-01-17,0.011602473331811414,0.001333999230654248,0.008723398141911254,0.005155541117422002,0.008189303387567737,0.009017647904237647,0.002417205256662637
2020-01-24,-0.01785135447428432,-0.009530407955426923,-0.017025992550939728,-0.01761442354334497,-0.018014413380974426,-0.018942740624671273,-0.01217880358505025
2020-01-31,0.006091470468856164,0.021374286747619653,0.008321661414460557,0.004806070232149295,0.004803535501083145,-0.0030559666240235206,0.019225908175907618
2020-02-07,0.001945611002753811,0.003082509142558143,0.004125559229964715,0.004374701311396834,0.003234821160878809,-0.00025269137031092015,0.0092222604156548
2020-02-14,0.015494986435180325,0.006482649361789994,0.012066400610189598,0.013625520128291102,0.013231443296011669,0.017750246732076036,-0.0003260977315794533
2020-02-21,-0.08145889073530488,-0.09415148453887279,-0.08702018787878618,-0.07918964861884425,-0.08120865363605667,-0.06552980940732078,-0.11705024049976492
2020-02-28,0.005749400804286875,0.015084358125411201,0.00737740775048179,2.272552232218672e-05,0.004745307928579523,3.5258701565066275e-06,0.016637768015855543
2020-03-06,-0.15592135981522237,-0.1546668204529228,-0.15914600201039775,-0.16182329994331013,-0.15809663257521567,-0.15431540450496328,-0.1796929956857785
2020-03-13,-0.04106440636011499,0.009120222308618198,-0.044055987820910025,-0.059746733263940976,-0.04240509151740157,-0.028969497839323788,-0.030631727168026278
2020-03-20,0.07596070543175548,0.07414822177832492,0.08685994665419705,0.08980042533882626,0.07778449011269117,0.04654377903455886,0.0924119730857806
2020-03-27,-0.0049067350506393215,-0.00529007081247479,-0.014816514495544553,-0.026993786422304433,-0.009776173251355047,0.005072833966250245,-0.03587300175480996
2020-04-03,0.08145156411532861,0.08075035462524305,0.09086449448644007,0.11078143411743024,0.08954419417053172,0.08607545398214622,0.10471332690197821
2020-04-10,0.019883021626006858,0.03481535240717726,0.013290220254353224,-0.005250724526502881,0.013125248391431033,0.013441126723603869,0.003235277790140684
2020-04-17,-0.01107681838923913,-0.02035007785729559,-0.011482304972820434,-0.01600085920177352,-0.01287491981372546,-0.01851837532653622,-7.191099779724208e-05
2020-04-24,0.03536187057075102,0.023479277847707758,0.03332580453070966,0.03504168938637853,0.0344867613689015,0.03608065647116421,0.040848682356834726
2020-05-01,0.0001437249209257363,0.01813122407472001,-0.0031790442796946206,-0.01628393538306483,-0.004575445483904761,-0.008565319181533249,-0.009639097866697992
2020-05-08,0.014524434071018444,-0.006656839631519973,0.0036141578464172763,-0.015086037462390123,0.005042435172509796,0.010675797312547086,-0.009420065332692375
2020-05-15,0.03875000966312281,0.02499800449586953,0.03673912157991066,0.03163828349411535,0.035318183357803346,0.03690708317486413,0.03477546060508584
2020-05-22,0.01700865979136612,0.015612844912692436,0.018535294310349393,0.03143544763695605,0.02082019734295959,0.02569300303371347,0.027434839462653727
2020-05-29,0.027327931344004464,0.020608060766809988,0.025398299964284776,0.02965772657886845,0.027836978265999734,0.03301636582681766,0.0276923222275846
2020-06-05,-0.016744488473963703,0.0024308983732144185,-0.021084024643169275,-0.031556232980853194,-0.021141423769132195,-0.019006697115640847,-0.034526034430359474
2020-06-12,0.03983014375748084,0.02403049380535549,0.03683666482840442,0.026102370776719175,0.03557878953719795,0.03639684926465714,0.03715780210318952
2020-06-19,0.00342989334612831,-0.00046354372031154334,-0.007087451127107847,-0.02592853581098531,-0.006200742307905127,-0.0025249925239129167,-0.009870494002964062
2020-06-26,0.010139618686032303,0.006332328939312903,0.011858211107768302,0.010063339910280078,0.009348593597031885,0.0030481841453957603,0.015877836949171154
2020-07-03,0.02891837669515973,0.027093516504914872,0.02052645707249523,0.0012363242821018527,0.020412886353228243,0.024469619296620504,0.006885682096664002
2020-07-10,0.015785738788858694,-0.005467690458315966,0.014816618327540665,0.028434340571403594,0.018504636282142606,0.02830218335277701,0.02038939623219051
2020-07-17,0.013498010946661365,0.018323475674634215,0.01325795779879968,0.020058235003217906,0.015045215920149069,0.02115358782223864,0.006764649612967342
2020-07-24,0.007843055298939472,0.016352213572601082,0.010478733967612452,0.010009854824001518,0.009201782042111306,0.006588830277904911,0.0030963056116024568
2020-07-31,0.0652677800940995,0.06456282976257288,0.040157449257379074,-0.0026447101478508372,0.04532401112254769,0.07320153157557674,0.03201007693956946
2020-08-07,-0.003667025419628156,-0.01591887009859838,-0.0008716747196645391,0.009131364660559305,-0.0006572478263232595,0.000881123832950248,0.007477316190820962
2020-08-14,0.01781244733447318,0.013745714410597909,0.014443076914484987,0.0022497126069440654,0.013304285820016304,0.013682096032184399,0.00430494732964767
2020-08-21,0.006497313876925093,0.031439387178955114,0.01216478308102964,0.010682922693001196,0.010090459021778075,0.002847586383760481,0.029709224303933128
2020-08-28,-0.012342664640666579,0.006802933698920821,-0.006119247255372828,0.009532360840583953,-0.004792445847206728,-0.002830411101483521,-0.008440182567775916
2020-09-04,-0.0077193756324669405,-0.026815498737899124,-0.014405424942730671,-0.012630257225994201,-0.011173610179224691,0.0014642900317101137,-0.03329551191604901
2020-09-11,0.017918915060458174,0.02506449568778213,0.010953285321300354,0.016572047350599473,0.01563365086367896,0.030194454718750707,0.005840027202247622
2020-09-18,-0.02867536493565659,-0.023610254151371413,-0.025731133952245244,-0.03049056261153016,-0.0279618416014078,-0.0382673597879295,-0.03288792320868947
2020-09-25,0.03591152061831493,0.02259859951767096,0.03233873132854925,0.024468290129961545,0.03058131552478538,0.02855638024342788,0.041854968861906094
2020-10-02,0.00026566273249306604,0.010916301002425355,0.004369575750033272,0.015265379091349063,0.00536679681310237,0.005283002156617034,0.019997540005754294
2020-10-09,0.018206638791830265,0.02135424271007147,0.014606477736097467,0.004007810079356355,0.014457530779258487,0.015380108846824392,0.010820778698585803
2020-10-16,0.005125821794127239,-0.004753942335315786,0.0011874492776313694,0.003772440184908632,0.0027735145446754483,0.00934715259411023,-0.008316621255787025
2020-10-23,-0.004419944467064729,-0.04158981100376746,-0.021633292965697826,-0.03443430042420936,-0.015243020052879919,0.0017874182110535486,-0.042453638884701175
2020-10-30,0.043452909751255486,0.059344620356023725,0.04742874240848671,0.042327735339405814,0.04438237637297138,0.03771405168626707,0.06139791263941219
2020-11-06,0.04620154153510447,-0.025902936165773882,0.030688929417244104,0.037045101046069506,0.03745740888844362,0.06085168184840706,0.008479802535628918
2020-11-13,0.019455284947076157,0.01983503069284831,0.020270096522486902,0.01773890935861755,0.019327868794204006,0.018821212091778783,0.012938598007683834
2020-11-20,-0.010025003302107871,0.0052774031145130795,-0.004977485662761683,0.006319450749519895,-0.004339742304401706,-0.006125645401193425,0.013639583260684146
2020-11-27,0.0422524971398337,0.011505753545204556,0.027391781652679192,0.0035060853982706863,0.029589403110232837,0.041831125811525594,0.011112138529676603
2020-12-04,0.019397080977362702,0.014516868564884433,0.016919137664011208,0.016658702722933905,0.019728446723881632,0.02356938283873644,0.00010918366979544834
2020-12-11,0.048784015878455156,0.059294725172337026,0.03808488202447613,0.03301037361114045,0.04404316197844138,0.06503371960729987,0.0150248408481987
2020-12-18,0.011729644292280517,-0.005965254968171907,0.003560125310304585,-0.008114257101592193,0.004003860084402122,0.009848826716188697,-0.004478592727547123
2020-12-25,0.031288064215186706,0.007329267948094964,0.02281096130849991,0.006012457580802266,0.023397198505394234,0.031152957649613455,0.01322474269116063
2021-01-01,0.003856190848101848,0.004814506552695441,-1.265461328892048e-05,-0.007406777350354776,0.0009347146502634018,0.008627269339881005,0.013961690575370991
2021-01-08,0.0015499053937921836,0.025244339417372474,-0.004325905387507989,-0.007788519594882026,-0.0011428511206938996,0.003919281117947371,-0.0016879548082393264
2021-01-15,0.009851844470732729,0.005673319669790899,0.011908552165157626,-0.003301287683531662,0.00723355574948914,-0.00880187749316963,0.015272250179957807
2021-01-22,-0.01193462657357447,-0.0028201213769827316,-0.009682476198798584,-0.0025767348029193116,-0.007833329427479607,-0.004147366918928808,-0.017202628811651053
2021-01-29,0.010345901300228943,-0.0021568973115879686,0.010473293689529317,0.003241683263643269,0.008253243179796144,0.0026919121088810893,0.02266755846089765
2021-02-05,0.03196520743705422,0.06522896552783153,0.025024152086851048,0.03622327248196311,0.03490683097370617,0.06006553869750797,0.01170411817680314
2021-02-12,-0.0062657267829338,-0.023893025040068627,-0.003337171263830041,0.002501721117410316,-0.0031614188131340315,-0.0028501277731557417,2.5740411150110276e-05
2021-02-19,-0.0374040850703492,-0.03983508313422679,-0.03794963839637955,-0.03899462640864082,-0.037938344587637896,-0.035789175453408095,-0.02147334320977014
2021-02-26,-0.01958393271452441,-0.04383848252277045,-0.017905124304063547,-0.018353148728853297,-0.019497188191508474,-0.02331927835415104,-0.014725588045265912
2021-03-05,0.02468670351671509,-0.0035840169688642343,0.031635579355721255,0.029988522426302344,0.025987838733192214,0.016554198198528658,0.04467752711957777
2021-03-12,0.006794463959905128,0.001556143562052803,0.005767433577032799,0.019591533944607553,0.010991342119859082,0.022091230763060965,-0.005209239832152459
2021-03-19,0.00023550027210283986,0.011584888062245113,0.0019798877006542703,0.005345563903355943,0.0004130865973224207,-0.0027968497408030757,-0.0012862521880391128
2021-03-26,0.018222565637310728,0.01077454805939615,0.019860156057195377,0.007356236245489978,0.015160440413554355,0.0034083166471083892,0.027995644597032993
2021-04-02,0.029384452025618124,0.04631662774146883,0.02808063756419421,0.022254722739400323,0.027950539134116825,0.026081173213263753,0.01974468041958396
2021-04-09,0.015209750122958887,0.024766516795051263,0.012225256061055179,0.011454922780828047,0.014010695749847368,0.017569881400225418,0.017991945006324835
2021-04-16,-0.007229856377108934,-0.020850013949469504,-0.004415355355005701,0.0024308588505985718,-0.006778887181233428,-0.0076713249860808075,-0.008656708752353385
2021-04-23,0.007797610144098188,-0.011319406808439791,0.008481405346869586,-0.000137765895082409,0.0058772954034489455,-0.001423709004747531,0.01889535461189588
2021-04-30,-0.00473844289177594,-0.02704061338429753,-0.0024364104955524324,0.0063902216408753265,-0.0010234351549305298,0.0023745964973702627,-0.002356818278946233
2021-05-07,-0.022782108545217783,-0.02899806266006799,-0.019894352936988713,-0.013621874939541923,-0.021922130030193054,-0.022832464287635412,-0.020974901456508842
2021-05-14,0.023147814645480658,0.028640356760527563,0.022392970985884775,0.01586422017985112,0.02013013176735501,0.017801077597623838,0.012186995279238961
2021-05-21,0.014251609579425173,0.04214343070575688,0.010691756426481014,0.00389858993254677,0.010862315411247048,0.010289454847996149,0.0096559209932092
2021-05-28,0.003472052509140733,0.012627298011337107,0.0002528513892161577,0.0030500780335358524,0.0025505858575738394,0.008835379117166475,-0.0012399904619724187
2021-06-04,-0.0010637488335272227,-0.025481070413882256,0.0030193489259506823,0.003544169193506308,0.0012805126141157697,-0.008715524708471256,0.011557626084598108
2021-06-11,-0.005714479204232292,0.003370048959845162,-0.00783741879137445,-0.005940243797097566,-0.006191707492087528,-0.0036378170032536072,-0.0038716536566265904
2021-06-18,0.0022658427703428075,0.02059337397111216,0.0008925367625050029,-0.005053628062264837,-0.000503320445967903,-0.003161162875074175,0.010713524355292024
2021-06-25,0.008853854043963105,0.005588341586013623,0.007690949445322781,0.009610182830610992,0.009689858770436377,0.013214779801235199,0.012538190032125062
2021-07-02,-0.009973285222637851,0.00038565549218261275,-0.0097411774820646,-0.003098595183292252,-0.00808485880417531,-0.005841928473187541,0.0011384928624205081
2021-07-09,0.004123854884091616,-0.023458311081072436,0.009608571070498728,0.015369398144328361,0.0070816537009161795,-0.0004877025846128369,0.008887997800770259
2021-07-16,0.002366803585588828,0.013195591904833437,0.002763056184014623,-0.0014446653093773687,-0.00014282651891128761,-0.0076284685755129145,0.0016330137504219008
2021-07-23,0.022157379453641157,0.0409985169900704,0.017143546124176234,0.019503750829208633,0.02296200737535181,0.03319241954958585,0.011918443590689961
2021-07-30,-0.0079855288062044,0.012422675015150153,-0.009867211093107842,-0.010075387726952711,-0.008291281876249168,-0.005748781291092797,0.0025192403480371207
2021-08-06,-0.0036468093727343165,-0.019739716327045853,-0.0024732811809835553,-0.009161297950695757,-0.004847450689610122,-0.01246508403341684,0.007582929420926333
2021-08-13,-0.01444206390234426,-0.028377759078445308,-0.010020264556466985,-0.0063085433084745235,-0.012652586067402938,-0.01948778645186844,-0.011794736591918641
2021-08-20,0.012546594785040277,0.0358675756582163,0.008761768724895314,-0.004600633443643032,0.009518644093630568,0.010323460236821846,0.014549990301491164
2021-08-27,0.03005822244334011,0.05136428796160586,0.02690721763570303,0.02489730451424177,0.028150221721744417,0.03233604745545127,0.015529209166389434
2021-09-03,-0.003288678018955271,0.016643318395905382,-0.005643147334232768,-0.0050692447819177255,-0.003293424209663054,0.0005166186718792432,-0.009289746781342196
2021-09-10,-0.0057544279917455254,0.012413680436496266,-0.006736346144784022,-0.00988324120147721,-0.008706817952379708,-0.011716241123225446,-0.004031140212699841
2021-09-17,-0.012751979552228399,-0.017391747362836885,-0.012874821432018346,-0.014748580150943491,-0.014202879773786758,-0.017355188194148607,-0.0057480009889723975
2021-09-24,-0.021455892858802894,-0.03081552402720744,-0.02362027137800693,-0.005983399059122374,-0.017981715350707694,-0.0023694148165440687,-0.03167996481864413
2021-10-01,0.01432473734299311,0.020299862557217052,0.016589468601585722,0.017201200964021224,0.01328313098825662,0.009158340844600765,0.022183720379745416
2021-10-08,0.0038173166372983403,-0.008013905027748458,0.006912812795771828,0.007445013166494263,0.0054271347261545255,0.00231504158971485,0.0087541170683134
2021-10-15,0.00712785847974029,0.028010460110350133,0.004795182303314771,-0.002756765893524804,0.005143184780720844,0.0032862189069498005,0.0250621294108535
2021-10-22,-0.014943666986236614,-0.013503030453498988,-0.007087616106445149,-0.00891582812505276,-0.01649508740364014,-0.03438248476150352,0.010427849369800415
2021-10-29,0.00781747005119704,0.00043598395318000804,0.010314709507937891,0.007937304820462066,0.0046551076923802,-0.0031576499991521345,0.018742436423704975
2021-11-05,-0.00012283378181643378,-0.008704206117523983,0.0005979451082414045,-0.0001563582923901352,0.0018541831608027692,0.002136655724507497,-0.0067251579392624125
2021-11-12,-0.010045468171773542,-0.048246314683578984,-0.0029176964028194696,0.007554130508402812,-0.004020210336049157,-0.007169178548055433,0.01285129609535837
2021-11-19,-0.017632753452373806,-0.034022546781340535,-0.014206264149819625,-0.012246139438490844,-0.017186498133022088,-0.0213363089301305,-0.0006174460557523951
2021-11-26,-0.030436632164962507,-0.03567601085403904,-0.028557171298179584,-0.020555797479544502,-0.027211924444045632,-0.02292990803541939,-0.02564750384434868
2021-12-03,0.027415819948994224,0.007112184376950159,0.029320981302101146,0.023045503189417227,0.025521309806340486,0.01319319138336117,0.019567142064847522
2021-12-10,0.011695387768743348,-0.016005022365542576,0.014137949839011066,0.025159159140618836,0.014867910066532986,0.017727369853482555,0.00021433282922182133
2021-12-17,0.0185250491163107,0.044704656078200955,0.015631267718483777,0.007727845656252619,0.014543830206840136,0.01508332977930582,0.012441409523548982
2021-12-24,0.010205981397062969,-0.005631078211675744,0.010669865915843069,0.011445777640787247,0.010699099028690817,0.010149005094225672,0.011814904040819878
2021-12-31,-0.023039380130295828,-0.0708243734505698,-0.018415329951491644,-0.0061311532050460915,-0.017879379812250518,-0.017855428571614707,-0.017263284259420197
2022-01-07,-0.011425238661068926,-0.052803839361466265,-0.0071827324472011345,-0.016710390634080974,-0.010706629050787897,-0.02295644000058883,-0.007287242691790453
2022-01-14,-0.007854333408313763,-0.026913610850334724,-0.007005792219081042,-0.009462967458290672,-0.007285988326230841,-0.00990235470826617,-0.038275205874990975
2022-01-21,-0.03152110285606746,-0.03148842703847221,-0.027536427576395295,-0.026190950534089152,-0.029953671901384205,-0.033394599475463416,-0.034717412509695594
2022-01-28,0.02096126092319306,0.029072492472360434,0.02139930426886716,0.02061484447170958,0.019142306799713182,0.014691112736388678,0.03561836271596425
2022-02-04,0.012736171226547022,0.04096076474370247,0.003877867561362436,-0.0003745683983004122,0.00899618764360155,0.02141458205645308,0.006090377860951263
2022-02-11,-0.012649222951471306,-0.018085603027289343,-0.012122823512851877,5.553366317712083e-05,-0.007796217992139587,0.0035595408466528866,-0.027285764391847066
2022-02-18,-0.022168784441752853,-0.005019527724600237,-0.023732005095808084,-0.028987690987093306,-0.02504424659124127,-0.027663423056478953,-0.020042894303558906
2022-02-25,-0.000622047520913549,-0.0032876369108355563,0.0017584839065272195,0.007190331039012676,0.0031504432118087955,0.011124401304991816,0.01730092669932114
2022-03-04,-0.04805427308333332,-0.055772675265265415,-0.04701942613355781,-0.049538972213654664,-0.048119696481154994,-0.047362125021576995,-0.023478864213451488
2022-03-11,0.023648476187975165,0.03905308675897645,0.026472462104659034,0.024332456951807968,0.020660087384255066,0.005916054006971594,0.03664093286872449
2022-03-18,0.018271211500348716,0.02587759506293197,0.015904896644989952,0.019354872891109487,0.020132363514485663,0.024677693817885427,0.024529955577164673
2022-03-25,0.009166786451977549,0.0037457273605943087,0.011231642355408633,0.014552422538037124,0.009981118733832783,0.009754117003428098,0.0025529919889019344
2022-04-01,0.007074881133316557,-0.00117545265369845,0.008756262825090344,0.016547613132494643,0.009407947695489582,0.011495573695636363,-0.006354629308398158
2022-04-08,-0.0101462927461905,-0.033323909775550664,-0.008945393586459072,-0.012126176285050194,-0.011509428954065704,-0.016251487172250778,-0.02446676852927971
2022-04-15,-0.005077019254943083,-0.005135222718322785,-0.002385446312354156,-0.0008138089806852822,-0.0038965711975602613,-0.006656630828582588,0.0006164745910472028
2022-04-22,-0.008807639955351498,0.01145999308236667,-0.008533739071735935,-0.013727836160542406,-0.010330967278581737,-0.017511753746662584,-0.023398537374596254
2022-04-29,-0.020084973276651152,-0.03090399127973842,-0.020502958314708497,-0.024008722555534656,-0.01968087256048523,-0.021801056503706784,-0.032724770658149535
2022-05-06,-0.03256666733536584,-0.03991641806223867,-0.02976162264509219,-0.021321177030140248,-0.030360688382598755,-0.028593011561295456,-0.05188376653606019
2022-05-13,0.008476766998166019,0.019426628367578802,-0.0007177100094766242,-0.02057279260595124,0.002566122036854246,0.004750120202806629,-0.0073407266935388675
2022-05-20,0.034669627640161904,0.03352523375160743,0.03760008058320641,0.03711344336696909,0.03375795673021997,0.024943483797563948,0.0406976353215116
2022-05-27,0.011616732973192212,0.016126948298679,0.012638058841644595,0.0005092231040766393,0.008964107499185525,0.0022268034382173507,0.02980409970008028
2022-06-03,-0.029969291921154717,-0.03392842740329849,-0.02913358690351886,-0.02080059502043885,-0.029011280849498444,-0.022623835265170422,-0.03821368737576939
2022-06-10,-0.06004207274206075,-0.07763585020686425,-0.05521942395374613,-0.04272098372584199,-0.055259647531935685,-0.054936507063061746,-0.0866627973603018
2022-06-17,0.034389653527573394,0.0486196077288239,0.03321463798212032,0.03379358448510894,0.03160995487099161,0.032601848537836764,0.035573736345080494
2022-06-24,0.0013977854960589564,0.012408152823192076,5.412559173789688e-05,0.009296194927887802,0.003068240129288524,0.012159215969076875,-0.002142453075134095
2022-07-01,0.022091045037179624,0.05967208151575165,0.01872027654185393,0.0101656977182214,0.0170370390678507,0.01481035914400497,0.031119937476968985
2022-07-08,-0.022437516152813197,-0.02974186229065079,-0.02049329387109644,-0.013907862189582398,-0.02106540124737255,-0.023361869178300965,-0.028484141180739254
2022-07-15,0.029291245581676284,0.04511179243161356,0.025144161310460156,0.011398619266389298,0.025208084639974482,0.02250448281006956,0.05525129827938528
2022-07-22,0.020888717889085306,0.03642686669656103,0.023181246704554015,0.02734295258433317,0.021897274197329564,0.019325315359500106,0.018255210469311844
2022-07-29,0.011462682125070511,0.04089141512047956,0.005754361927289509,-0.01775355071585738,0.0008983169310197159,-0.008863901759886272,0.01994718035859664
2022-08-05,-0.004103074120204053,-0.01093699640278667,-0.0028093581037228477,-0.0005073355797874379,-0.002292953388697949,-0.0013725913429013525,0.014052088399681284
2022-08-12,0.01873305995042074,0.02212235982138755,0.018773576305151973,0.028816930379554018,0.020754761882970874,0.027661814837544485,0.01881011228177604
2022-08-19,-0.007972366961958355,0.002990096774855955,-0.011738640492136687,-0.016259072855098533,-0.011990878615194323,-0.009349892816432392,-0.019584421486328506
2022-08-26,-0.04076307026744552,-0.06956624519521837,-0.037418544485103844,-0.03804139100760917,-0.038374659844274794,-0.04417818581184907,-0.055040467896430606
2022-09-02,-0.0025667355719876106,0.00634981433259818,-0.0028423880203272134,-0.003965023651277599,-0.004308770321633237,-0.008131042078479922,0.009989550380492897
2022-09-09,-0.019292058964523684,-0.025058599206906007,-0.02160886321639044,-0.014932398696483329,-0.018125770940528585,-0.008272000431246873,-0.025625881889026772
2022-09-16,-0.030583591000708843,-0.044462846543654844,-0.023828513842290122,-0.016577792976314232,-0.025757454132639968,-0.03133267037777321,-0.036816043732467246
2022-09-23,-0.03158167574423665,-0.008962802369533396,-0.03248095261729167,-0.03205186444436847,-0.03297374808686515,-0.03284777274991557,-0.030543490609733655
2022-09-30,0.009885802277369127,0.011002662706435462,0.010069514349922315,0.00014542267341144388,0.009422612283219944,0.004058026472987253,0.028694225680031514
2022-10-07,-0.0012387447006505514,-0.017618458638772427,0.0011364776750779626,0.022151958365846047,0.0021285629014622387,0.008183988772536788,-0.01937285374305145
2022-10-14,-0.013451267467297301,-0.01718117150968035,-0.012075016572093089,-0.013081144446301374,-0.012993553748947395,-0.014805156282704401,-0.0015304558881943707
2022-10-21,0.028210773516326837,0.033832241364232685,0.028902965639148626,0.037019045073227286,0.029222314953702977,0.03390360458785713,0.039873115004355995
2022-10-28,-0.004490471846620658,0.0034461461475727706,-0.007366152681079541,0.004436533202555326,-0.002245747765490691,0.010841074170772957,-0.023606381867425766
2022-11-04,0.04489067127069957,0.05273775601707231,0.047423380256319536,0.03440992170265478,0.04396732571767492,0.034078971437270456,0.06382577515430671
2022-11-11,0.017602366244384715,0.022808416532252185,0.011267798924433192,0.0027086527277815353,0.012629739343423818,0.01849222607832335,-0.001140211766147068
2022-11-18,0.022126797753013294,0.023756072660952032,0.023640484674673168,0.02455327566165133,0.02262829734288152,0.021614695484486246,0.020748688308792087
2022-11-25,0.02405898457318001,0.024671566115749277,0.022004798005229143,0.008336425723272978,0.01993677795355908,0.010676337664299762,0.01232547024029725
2022-12-02,-0.011628369263328997,0.0015645528489198757,-0.01408041905253643,-0.007823321251172133,-0.01233036721652303,-0.006990966110378749,-0.027345505168080455
2022-12-09,-0.021626741247179337,-0.03279864686464362,-0.018364791605739006,-0.022087825000725148,-0.020266177234315674,-0.02684996540198703,-0.016681777925586175
2022-12-16,-0.010274968209895263,-0.015322721867313871,-0.009385341807625625,-0.005475903948580663,-0.009250189503146378,-0.008935194126827417,-0.018380823319214614
2022-12-23,0.0076399750530931065,-0.0019055524934536994,0.00803189635134749,0.0035201364870822704,0.007382630324849204,0.004057851863926931,0.0071443008266793015
2022-12-30,-0.015480713667996526,-0.03345907334735565,-0.01687830966728332,-0.013557219129616715,-0.014597691342645103,-0.008956970999870695,-0.010588285431568553
2023-01-06,0.017994196627526104,0.038768471142047733,0.017337743608304867,0.009512663494393392,0.01585671141064049,0.008413311013356406,0.04633870241538024
2023-01-13,-0.004860774159479164,-0.024642922799546163,-0.0056730589333328085,-0.0015935942691326366,-0.0031117776018747545,0.0022936888048874504,-0.020959355324850864
2023-01-20,0.0250205454251482,0.03468020798889149,0.0225841707627763,0.012102875008627612,0.022086562824455536,0.020127428509095102,0.041452385607933795
2023-01-27,0.020727954212357957,0.004031853475491287,0.01809856818587896,0.006177032402772342,0.01905088724747528,0.02147205158062926,0.02972214422283144
2023-02-03,-0.019450656869291594,-0.00446687197437301,-0.02055089572528379,-0.011554899303819921,-0.01848932408991888,-0.010770109711804143,-0.02324995131579815
2023-02-10,0.001402572795193402,0.006802319453222294,0.004598118739323143,0.008912888425965937,0.0026575245651010437,-0.0016608542212549482,0.0029232370769886984
2023-02-17,-0.017371567547648792,-0.016590354724173584,-0.014333747989233925,-0.017202769346900237,-0.017277103505243252,-0.026988032492798353,-0.018663536039268458
2023-02-24,-0.0010061299627481812,-0.003315033187165084,-0.0028027698913983823,-0.006744957603598056,-0.002022080436722029,-0.0019569176697581403,-0.007113273080638172
2023-03-03,-0.0065507072715220716,-0.015147941499572215,-0.007797960358895906,-0.0072302216300288435,-0.0059174165078055285,-0.0041695227427340775,-0.015711220153403115
2023-03-10,0.01859144832706261,0.0293874304369115,0.020983862964958577,0.011466173505634503,0.015283164359630508,0.0008754634543854944,0.011620133206742902
2023-03-17,0.00510827125849489,0.02261524537962134,0.0026124980016590804,0.0034133090661607746,0.0033163740222712512,0.003869412829251573,-0.003633870541871296
2023-03-24,0.029916791377892382,0.017824709159228513,0.02852005782389888,0.02707391459769881,0.029562110414618648,0.03380731109849622,0.026782341678238165
2023-03-31,0.010584104353835722,-0.0018082109564703241,0.013347803900018329,0.011736130567886915,0.011005448135425366,0.002650320747726642,0.01359917152716079
2023-04-07,0.005388994399214031,0.006077003024621996,0.006757252684651771,0.0049643768416400835,0.005351359084914131,0.002542024529161413,0.010459785324784655
2023-04-14,0.006654838089288129,0.008654708905893926,0.005181719080090685,0.006863463663574043,0.0069484839982079105,0.01223844204427782,-0.0038454730105589646
2023-04-21,0.024637984128140555,0.03645857029856869,0.023556887604779808,0.00399885034237446,0.020885810794247117,0.006140580871346835,0.0012868240487730592
2023-04-28,-0.012056072092146763,0.014519064016007555,-0.01087715186241578,-0.0121887079419718,-0.01333099297490592,-0.01869265437843226,-0.017652472692252102
2023-05-05,0.01120111039596372,0.060566317247504164,0.0078953104432542,-0.005278075486051859,0.004979994216186334,-0.0009471790752778597,0.017278428714071915
2023-05-12,0.0047774054018523415,0.01030460425169899,0.002832865950810337,-0.0012723022101660542,0.002621505666721591,0.0026641485542824306,0.017227583265726647
2023-05-19,-0.009360090065871574,-0.0019124149767754117,-0.013680444806249858,-0.01421788572301974,-0.008795220387520009,0.0033737246504907947,-0.010924767305770616
2023-05-26,0.013666746397781537,0.020526022480989115,0.00991916710730023,-0.0050563989069423165,0.00997243626181099,0.008916201384405742,0.017291575850774708
2023-06-02,0.00079031143404662,0.003616323010129374,0.00023256495060630655,0.004967021725223786,0.0017233844984010371,0.006753832103089774,0.01732976166508731
2023-06-09,0.024450103536284074,0.028932526877445186,0.02519933275019892,0.018883641224800796,0.02262400516711227,0.01391392888578058,0.03138916835600301
2023-06-16,-0.0007880800830717405,-0.0033380506450187974,-0.0023004165352970007,0.0034703182095019436,-0.00020337394310265822,0.006055200250338899,-0.010096207239730082
2023-06-23,0.00029343333254594484,-0.004361314489729651,-0.0014342068468238267,-0.0033251931813665925,0.00018725606152458774,0.004436748523300782,0.0036655220391769872
2023-06-30,0.005464255714413335,0.006804972321135638,0.004995224225894157,0.012626316115632585,0.007330850789033283,0.013089145530035706,0.0035378951219546114
2023-07-07,0.028115635865885613,0.01776366404232621,0.02643349684379226,0.025457599689077126,0.027312003708446664,0.030605211706009383,0.02251742879825896
2023-07-14,0.006788494254093891,0.001968012891010451,0.005830853511622935,0.011516614945547898,0.00826779204323902,0.014611929711905614,0.00582786035598489
2023-07-21,0.006916750553106699,0.02228688192729389,0.006370267533941432,0.009297658494308081,0.008108738983055419,0.017490808923737555,0.0006855480776841113
2023-07-28,-0.022007057672024266,-0.03046552674152947,-0.018144232577575803,-0.021309273311678312,-0.022824666012064232,-0.032387018525887656,-0.00806650791179471
2023-08-04,-0.0011716603268060455,0.038436902103192505,-0.00563251487664751,-0.012898353495591874,-0.004766129808925212,-0.004732535395430282,-0.006527929808663289
2023-08-11,-0.027485601023077066,-0.018902255630315667,-0.026597243593273756,-0.020912873448821978,-0.026400412552476604,-0.024172786647013167,-0.02157383502782664
2023-08-18,0.0004923648664747482,0.017578755364120457,0.000506201528473138,-0.007821217907730493,-0.0017373892549467085,-0.008153167165714792,0.0013752911112718045
2023-08-25,0.016342683799695834,0.04067874445311448,0.012973563071969396,0.007153743462785522,0.013029318330265438,0.012570925462400462,0.03080859911371962
2023-09-01,-0.0017735572883508244,0.01483793780034226,-0.006846095490349535,-0.004253215296687207,-0.0031704009873576577,0.0036886066442824994,-0.01221268516380355
2023-09-08,0.006920913334399481,-0.010836415621596651,0.010903073409538555,0.004617755591325601,0.006177659602347063,-0.004896551934404636,0.012386109487562497
2023-09-15,-0.04257752504816159,-0.09236655625045054,-0.038670005825897746,-0.03188294054182317,-0.03809820423773169,-0.03604797210949273,-0.038742924618213874
2023-09-22,-0.01197443761339867,-0.0011501485274233447,-0.015180237638213634,-0.02093972923250287,-0.014495560182666734,-0.01150092423547866,-0.006653014728931471
2023-09-29,-0.01674233034956274,-0.035809708413868435,-0.016084455043004264,-0.02576856875474387,-0.015883398070563937,-0.01956343945066963,-0.009381081952483078
2023-10-06,0.0003078002978638139,0.013926322145987102,-0.0020676553472540604,-0.012550227679758996,-0.0026050445779256526,-0.009172637667629657,0.02157826795635985
2023-10-13,0.002549276989407101,0.010822227143341134,0.004520772246313864,-0.00018818097763451114,0.0002720752080020983,-0.009629870523615303,-0.01667209187014327
2023-10-20,-0.021040505967077183,-0.03230309744773907,-0.01941483737778482,-0.0002603520349048205,-0.01690500985047405,-0.007126477470781989,-0.03254935247945094
2023-10-27,0.03615387540880821,0.024491575127804532,0.038180477489551556,0.022917892818472785,0.03281425122377546,0.015397533663339402,0.04414035582775331
2023-11-03,0.034428535956072315,0.039728128567285026,0.02815681944825199,0.03529150656133129,0.034536131010792115,0.05207877245045145,0.007149976719267732
2023-11-10,0.01178172468606542,-0.023898764347147772,0.013007439380128938,0.011727220172768504,0.014022784432675017,0.019056968828724985,0.03777896617081564
2023-11-17,0.019060594362510397,0.03264395291942468,0.016439198746562855,0.016273619464079347,0.018333005098156496,0.021931548586376692,0.010638922896168515
2023-11-24,-0.009662458120533568,-0.027138248819247646,-0.008414632712554937,0.0056753589005045235,-0.005791574102869013,0.002481476661335469,0.0030329450534691293
2023-12-01,0.0036410413907317363,0.01483234329276728,-6.136650649046782e-05,0.016091237218401444,0.005013014672929916,0.021242224111795327,0.004009613001177489
2023-12-08,0.017817134440747395,-0.017997364352336342,0.017331782951100605,0.018749923416915726,0.018857466932256095,0.021797053772303343,0.030072207741607754
2023-12-15,0.012054507209973808,0.006837344783532373,0.007769896459860703,0.007307387990905356,0.011274193653446174,0.01912560019880294,0.005522268163845797
2023-12-22,0.013493831834362702,0.03381991173133514,0.012176388004773386,0.014015096328626075,0.0131161408637952,0.016952278049035874,0.008440825302084594
2023-12-29,-0.008784074166989897,0.0018549033562598183,-0.00966713013356535,-0.006330115109941303,-0.008113298049924222,-0.006283681134702013,-0.0197402624468212
2024-01-05,0.01376819008589214,0.04789756911577303,0.0125073370957971,0.0024180817976826585,0.011298637504838949,0.004926402054713952,0.019410231137454607
2024-01-12,-0.011770064267630387,0.006458658202131984,-0.011358647646858011,-0.007197581402650588,-0.011741190287316683,-0.013461452309908473,0.00029382350908812725
2024-01-19,0.0027615999999042184,-0.009177316345479247,0.003948336648523787,0.0017371707779378909,0.0029560530742640534,0.0004478954973377025,0.024218737886721728
2024-01-26,0.011509427115130144,-0.0009815460055524472,0.014228531063301686,0.022092712336914566,0.014097535908709657,0.01418142479841955,0.0023974015094815676
2024-02-02,0.01461815634531427,0.037498588783897446,0.008348198698518994,-0.0062008103945884185,0.007960149587959764,-0.0005964268385785232,0.01864274656200974
2024-02-09,-0.008432929564968883,0.0063181736812258915,-0.004780400690632458,-0.025902221177263374,-0.012422865510833603,-0.030104032077804987,0.007404807232247882
2024-02-16,-0.0015197462169410647,0.005464509357167691,-2.32451583627169e-05,-0.001909721664869246,-0.0019039080345354398,-0.009437344175499573,0.01093607802929773
2024-02-23,0.0043890900663874355,0.05954378934814697,-0.000681608879539386,-0.011403649383792125,-0.0005444372886790338,0.0024910704948746254,0.0011427396202078471
2024-03-01,0.00930055599656443,0.03963644059485305,0.0032130466150790404,0.00657064848613409,0.008169434599459402,0.01981326323428312,0.013246081734362921
2024-03-08,0.008944548492995086,0.01410217919632517,0.007530497054667906,0.0048951127271146255,0.008324884525148901,0.008651764085342073,0.0002718727987051272
2024-03-15,0.005016684163842378,0.0034371296850994604,0.006469353944757117,0.016189486945698217,0.005926809188864679,0.007177126072668294,0.017229864887494832
2024-03-22,-0.00013612255525674577,-0.0518689248492088,0.0034245035750717356,0.012157108991847299,0.0034287645930459743,0.002738255090791508,0.0016660086815622633
2024-03-29,-0.01948406665805613,-0.02271266554429341,-0.02134156235165674,-0.022530970609327294,-0.019898106226820533,-0.01588242562049702,-0.01911785668042587
2024-04-05,0.002318709837431321,0.0050202056015482555,0.0017250962893384791,-0.0072610907918072565,-0.0006473904971260325,-0.006825024673832059,0.009608894934933996
2024-04-12,-0.023075725286263893,-0.0581179934044862,-0.018010771212769727,-0.006803605605890994,-0.018757288926200655,-0.019692173811466374,-0.03567588975995779
2024-04-19,0.018039094608558237,0.015446576107508436,0.018470685635392448,0.028855203896712034,0.019788216494898814,0.029263047853848034,0.007947764127446503
2024-04-26,0.0168712760722336,0.017195326721300308,0.010487726967768118,0.014696560981251938,0.016551576571877336,0.031092588920475173,0.003058575873640329
2024-05-03,0.03309698181484322,0.05239970950082107,0.027738462681009768,0.0255136989956275,0.03207545027613157,0.03895829064240819,0.029978412112749014
2024-05-10,0.017944820913662785,0.04617805073759351,0.016132785520542425,0.022183973776119803,0.01774466616041126,0.01942320256034158,0.016379324109089405
2024-05-17,-0.02208070992597122,-0.0115231201588476,-0.023714121001718547,-0.028993042005108993,-0.02346238167433734,-0.025979426751938872,-0.005163537307600274
2024-05-24,-0.014588445499179037,-0.04148520618219109,-0.012520705099749008,-0.010856496210814082,-0.012054425439288363,-0.007920206273707153,-0.006369521257121946
2024-05-31,0.026249914677449304,0.014782066205484279,0.028477947277304683,0.025795728975200438,0.026765007735616297,0.021588981171783983,0.02305748963167082
2024-06-07,-0.02524967936068323,-0.04388620123637976,-0.0236484647040196,-0.027884169366316436,-0.02415089764054168,-0.026563543138220402,0.014570143258225428
2024-06-14,0.0004970943961550844,0.0024471497624389826,0.001442291182947919,0.004065020858923685,0.0009387363523598591,-0.0002571416344174793,0.008387631597314095
2024-06-21,0.0014670027096683746,-0.001655391260405259,0.002785579263888671,0.002375104903574954,0.003395975412934238,0.0034950437862129036,0.0020705566026049
2024-06-28,-0.003076907032546927,0.006764618509389475,-0.004919816417105927,-0.007194226501015422,-0.003391691908152805,-0.002637071722407902,0.009316263047319532
2024-07-05,0.014409587025633108,0.013985831799135484,0.013537503670416617,0.008390689748147162,0.014439551140589924,0.017073344707066562,0.00910292294193986
2024-07-12,-0.014678927404588094,-0.03078500787516303,-0.009825659814054699,0.006077535728526762,-0.007850412664398232,-0.0016184137096502127,-0.0068645217211659925
2024-07-19,-0.01696249665795868,-0.04932464582665541,-0.011069832569689075,-0.00046618684741417393,-0.01210110210198545,-0.013408237224555752,-0.025784530932019805
2024-07-26,0.01590970669097702,0.014292229487118613,0.01693867096834034,0.01308482675885414,0.01605689882808936,0.010944039397646987,0.008543852505196813
2024-08-02,-0.019297629685724238,-0.04310877791603118,-0.013383265669326683,-0.011975759458838442,-0.01832391049860871,-0.02613512979507926,-0.02276200066920329
2024-08-09,0.015891288238101264,0.03303149097125879,0.016026963860930055,0.014906124839226376,0.014983542817703643,0.013287407416636032,0.042250134785742195
2024-08-16,0.011824020880238262,0.018654666887560012,0.011953060355134548,0.02262406813387141,0.014558052502826602,0.02045793857857192,0.005695472090650269
2024-08-23,0.004143866293736087,-0.009048300292086031,0.005349811539223204,0.003875387283279519,0.005008022005528634,0.003304392502197384,0.0038292093332554142
2024-08-30,-0.005202294083067938,-0.010544751394540475,-0.0021995735687199147,0.007169597886715895,-0.0017421247330268175,-0.00029625898118779137,-0.015653085470526296
2024-09-06,0.002828343857122162,0.03652720553625621,0.004662507260941862,0.0010426852609284332,0.001968331418521041,-0.008809634600114191,0.017248549036066943
2024-09-13,0.009476867460606053,0.009480514003331164,0.006375221911799178,0.0026818720369770066,0.006984168635670418,0.011269162138926925,0.021266511806607963
2024-09-20,0.01950510755686019,0.013084415553079598,0.018804467517749,0.023423485921151954,0.02151778819276373,0.025439303389442225,0.0053862777344388475
2024-09-27,-0.01333518733057315,-0.03480897418707085,-0.015114915574222954,-0.0155948929379639,-0.014086143134416473,-0.010861733662465678,-0.007828084497991572
2024-10-04,-0.0033379936022287504,0.0026449977835232286,-0.005227856730209313,-0.006282121413938246,-0.0051172200338461815,-0.0047102270929358925,0.014634879983782023
2024-10-11,0.007355654863158589,-0.001132149030596663,0.009137338010832385,0.010741823549805796,0.008867943533862555,0.00729275409564667,0.01079638108947243
2024-10-18,-0.0033256082799458797,-0.006621945283188269,-0.0042516958628454615,-0.0171517510726088,-0.004556608881684188,-0.007282410932446748,-0.005340371682510052
2024-10-25,-0.016040642946413497,-0.037802684147884236,-0.018282132645228266,-0.019629545637423695,-0.014207921615892682,-0.008415436977689206,-0.018299894378397092
2024-11-01,0.022743470950009614,0.033125620943533995,0.016820133088779388,0.020690492976753516,0.02184070746599298,0.03050576278981909,0.04742876565919864
2024-11-08,0.0033407849563857894,0.03388883060945824,0.003380163808901937,0.00723987978953522,0.006348478781771361,0.013620611022516771,-0.0037942744220138807
2024-11-15,0.004237973464359834,0.0046671541940599415,0.0007867562731072031,0.00991805463065254,0.008197293656748483,0.025008386000218374,0.0005392746697950981
2024-11-22,0.01644608435014905,0.024638419995472338,0.016328895100211183,0.021982039112058205,0.01842790318001808,0.02260958526069956,0.008691733567519115
2024-11-29,0.015497689283349603,0.02692391242396308,0.01445369908398475,0.009974014229897854,0.014140159328391633,0.011811814015849187,0.013075459225784607
2024-12-06,0.011948927836238132,0.02235007831860636,0.00917695184156675,0.007469633449466384,0.009929008944484119,0.010452205746772636,-0.0038408783093153093
2024-12-13,-0.0452934626543553,-0.05578068723514007,-0.042642744519811426,-0.03838787184398573,-0.04422094468457605,-0.048428183391705515,-0.030165436494688613
2024-12-20,0.004866058240596605,-0.003996249205330815,0.005375846222323011,0.0016833089555234881,0.0034209845873474087,-0.0019093406568169158,0.029455547744188862
2024-12-27,-0.010533877169995765,-0.014485308312104817,-0.01096097737725743,-0.006259950356775623,-0.009191667409445659,-0.004826490966980512,-0.027771368529244153
2025-01-03,-0.011464651322012909,0.007391448925364141,-0.014248250234143556,-0.017892162656263477,-0.01297856762388061,-0.013792578545485323,0.00829560664357841
2025-01-10,-0.0186441933045558,-0.023076655426031656,-0.01862496834809957,-0.0052652296347313055,-0.016775761903926822,-0.0112757668198874,0.0036473585400624417
2025-01-17,-0.0036977247358782606,0.006716080618109466,0.0014209392399893161,0.006776732231079441,-0.0008962256511515498,-0.0036409890348555463,0.030609826182313997
2025-01-24,0.030187422255996355,0.011110166251613318,0.029282776068090488,0.034803136742862284,0.030543471600244176,0.03398897611947849,-0.007724501534464498
2025-01-31,0.006435435715946625,0.022540987224278553,0.005005436252889073,0.0018445415611885174,0.009937209037997441,0.01891968537290656,0.0021156104842920283
2025-02-07,0.01755827545081412,0.0049592524512802605,0.017742721827620045,0.027623900020987247,0.01828801122608459,0.025084812868029438,0.005624086312508248
2025-02-14,0.011579748595011763,0.019542476221123595,0.009552841471268891,0.017150156748175327,0.011773053397557298,0.019860133902540156,0.0010661118663004214
2025-02-21,0.001934676876130137,-0.02907600683852052,0.004478199765041158,0.0021934492340118794,0.0018883751304312746,-0.0013038743171133182,-0.041498790395826234
2025-02-28,0.024711890243774404,0.0004728937336702099,0.02527032381874461,0.015057102777167097,0.024094663251674753,0.01977015520861891,-0.02109226113419597
2025-03-07,-0.034287845404777695,-0.053290034932542474,-0.03243546403102415,-0.03966920147146891,-0.035710945015517415,-0.04353415586610865,-0.03717422353030952
2025-03-14,0.017471475284851712,0.027957196772425252,0.016279918000023264,0.0102141744118458,0.01422189548053665,0.012779129640361209,0.02551619219087086
2025-03-21,0.02196137273125487,0.04577387022276658,0.016439237289860964,0.018320721680045393,0.019392487362328348,0.03147018947762659,0.0058282735268377845
2025-03-28,-0.01887345756831571,-0.01978161226761943,-0.011618699505523633,-0.0016672910055954837,-0.015089469877195505,-0.02812226318436928,-0.053572562898556136
2025-04-04,-0.03051001875089665,0.008593783648032316,-0.029419742568043694,-0.03379962459922492,-0.031378713751536336,-0.03922411854942176,-0.022582440108426628
2025-04-11,0.02304428718583318,0.018169401061224333,0.022418904856305044,0.024244600807929118,0.023882240530609833,0.029269110385640174,0.0034881816667286535
2025-04-18,0.025809896956225264,0.023211617467145063,0.02352894365202718,0.01609691833632776,0.025554403419372207,0.030157184721801622,0.03852539200285938
2025-04-25,0.011401190678217432,0.027059519117478725,0.009787141515736009,0.006399064611970706,0.011569398071366033,0.014509948704530595,0.02154765813397943
2025-05-02,0.013895367976678452,0.018359700679440483,0.012232408706030595,0.00358597100379221,0.012660393804723835,0.012760288557391197,0.011800256765359422
2025-05-09,0.00428870279685678,0.038909878745253534,0.0010257347960300756,-0.002811096977757499,0.002059112277882136,0.003203012785225612,0.04495088338920715
2025-05-16,0.00044760023037659913,-0.0024490531681552463,0.0012445234877958011,-0.0003236775145819548,0.0024987220354371065,0.0033761922572785874,-0.0124817122904205
2025-05-23,0.006859509121816432,0.017659218431212098,0.006515989357520624,0.00865267302198336,0.007097534176138343,0.010764439292105799,0.011936349799481072
2025-05-30,0.0024752986504521513,0.026386243048376334,-0.002358559556445372,-0.005647632330884278,-0.0009700939374074347,-0.003644968494645906,0.005084203681576542
2025-06-06,0.010295997855930716,0.02596255947347803,0.010213213671116383,0.010107720501850492,0.01032917598213312,0.008450797544827804,0.018042372759301494
2025-06-13,-0.006130812793664675,0.01685744843367387,-0.009019464692871293,-0.00757286351747144,-0.006692636521381079,-0.0034002037181762867,-0.010451377857767367
2025-06-20,0.010280186847811512,0.026277443357713315,0.008071382658308979,0.0019223457268739974,0.008296523034397874,0.010573519924270691,0.02718082599079011
2025-06-27,0.01264024651909601,-0.006784064861932837,0.014577805486820195,0.014455554405636173,0.012535781698767678,0.00632030567362496,0.022014485703857025
2025-07-04,-0.0025684382812481976,-0.013922663948461311,-0.001674629370995162,-0.0023002009032946358,-0.002071019268067853,-0.003406868237932792,0.0007676676807168591
2025-07-11,-0.004140193843614304,-0.014402732972984222,-0.0017382120361029152,0.006134561701577335,-0.0031951953285973556,-0.006921931185025598,0.0035471602109046724
2025-07-18,0.012161095791593413,0.018988266333594295,0.007856972182606947,0.006956583193671095,0.011823726664107248,0.020504879835407275,0.010158649242088107
2025-07-25,-0.02664571247316061,-0.03782594138382944,-0.025517052676103158,-0.027524210803046234,-0.025757473183281143,-0.027898728388757732,-0.003688368197157511
2025-08-01,0.02926650788871421,0.029522345889161583,0.030671135491247004,0.03240786767833903,0.028945387640862075,0.017879995042307417,0.00026887943178747646
2025-08-08,0.02718346537204308,0.06817862526969631,0.02329284234833473,0.025252790361456334,0.026711897190399014,0.03255927228667321,0.020087039249260856
2025-08-15,0.008625880853381673,0.010765164543217631,0.007653982855542418,0.008428575639247704,0.007845968931755598,0.010370746219332316,-0.014574789542878884
2025-08-22,-0.015325126748284457,-0.006032846008834247,-0.01784207446225483,-0.02492120754756577,-0.017314700667866223,-0.022822086721270285,0.021036849369311144
2025-08-29,-0.005605660592487238,0.005309671616389622,-0.006077449038677019,-0.0004943463893376521,-0.005278933558872989,-0.0033555112294969547,0.0003083099810554612
2025-09-05,0.005222871391458606,-0.009284825298077615,0.004620384741712336,0.002668887448258994,0.006703096985491985,0.008656432109262147,0.013109973510816424
2025-09-12,-0.012486071269794397,0.003250310103650733,-0.01410013753878514,-0.022601469633015236,-0.01360105549421975,-0.012262777811876346,0.007040376737948032
2025-09-19,-0.010125971080256702,-0.027483228973730345,-0.010405494878852672,-0.012436268694315689,-0.009799335509764528,-0.006689696210194995,-0.0036020864817578103
2025-09-26,0.02553468380138879,0.036989184977936906,0.02140348402529524,0.011726109568765741,0.020482247529347575,0.01802294273946181,0.016974250769342163
2025-10-03,-0.007622944894764894,0.0002924796654124595,-0.00913663429494238,-0.017069961070635853,-0.012302910655099142,-0.019862531733956912,0.002899008920579074
2025-10-10,0.00028135027337206076,-0.006109605475380975,0.0053405126306640405,0.013534756543499782,0.002104546144183317,-0.006010081918039645,-0.015674315196015736
2025-10-17,0.007098641437341291,0.00768495090346466,0.008965157788333622,0.011370055267072354,0.009270031621745334,0.008121996091479788,0.016832156682429385
2025-10-24,-0.030148501875718825,-0.03421688639762499,-0.03044252601191233,-0.026380787643329073,-0.029632012759251536,-0.031026935320388693,0.012013267884981096
2025-10-31,-0.01805267005762301,-0.07886685756904221,-0.0080395184496026,-0.004842155490508038,-0.009062554138443701,-0.019233714227542165,-0.014003494582238818
2025-11-07,0.015089857278623109,0.02112769174714657,0.01634539329717133,0.019638927033623466,0.01772212065654366,0.019607677176859184,0.0025808566192806305
2025-11-14,-0.018902565718296516,-0.04364025595697585,-0.01616298405458516,-0.01338777677170333,-0.015997629303248107,-0.016058847662030695,-0.029030979289723802
2025-11-21,0.024347579135417963,0.01947513212499996,0.02605621559182647,0.014707907647783403,0.021521254332394157,0.008611484527178304,0.04160722709716279
2025-11-28,-0.003430107483255229,0.004180341268104293,-0.006029318009966644,-0.0042946187408478,-0.004209581633959236,0.002271875954700464,0.006929771315282924
2025-12-05,0.004668579271994711,0.016762222470036336,0.00413653728253105,0.001962382865645429,0.004052804810743327,0.0066429453379726056,0.006984229979000792
2025-12-12,-0.0035203581349048108,-0.010474375840719197,-0.001138120926962416,-0.001947642774000946,-0.0024332795338043445,-0.009747908867055455,-0.018428047408145035
2025-12-19,0.005179598992038681,0.028412506484928768,0.0009093056258597798,-0.008126692918105083,0.0026292568977173136,0.0060267078573610355,0.023578416504627706
2025-12-26,-0.005363705816983755,-0.006056594594548659,-0.006510025614508974,-0.00497836908741478,-0.006229902010729482,-0.005223998693380971,-0.012254127111194092
