,Equal Weight,Eligible Universe Equal Weight,Partitioning Selection,Density Selection,SPY
2020-01-01,10000.0,10000.0,10000.0,10000.0,10000.0
2020-01-03,10107.081218250452,10131.097895435132,10150.125655383721,10074.522960264938,10054.790912165734
2020-01-10,10246.570563908668,10275.90424990467,10217.280622324746,10262.182960033375,10186.230977610609
2020-01-17,10365.45612561894,10428.847482343253,10296.50496034872,10460.902060840492,10210.853188675268
2020-01-24,10180.418694032876,10231.607689808854,10183.225829649047,10272.604127571823,10086.497213254608
2020-01-31,10242.432413868168,10241.300650918802,10209.946492453239,10226.11782787188,10280.419282493189
2020-02-07,10262.360203067548,10231.794761160758,10266.380784219984,10313.200431893241,10375.227986298461
2020-02-14,10421.375335207016,10432.207575954948,10499.400053282392,10658.050063026478,10371.84464798751
2020-02-21,9572.461660464789,9549.747312235515,9575.80736687191,9842.972784010826,9157.817737514371
2020-02-28,9627.497579234467,9570.236768461338,9652.579593245719,9947.286134698366,9310.183384562624
2020-03-06,8126.365065062469,8092.205362029356,8213.622037356536,8524.205708130377,7637.208641806606
2020-03-13,7792.6607078001,7589.398245070688,7828.426871709824,7950.787613760206,7403.267750365493
2020-03-20,8384.59671235492,8109.099553611685,8611.417077195776,8432.622720382205,8087.418330459096
2020-03-27,8343.455717780933,8065.017537351692,8537.311153954131,8382.83581314553,7797.298358498654
2020-04-03,9023.043236121172,8822.430071184051,9194.546009100199,9165.024723989025,8613.779410464382
2020-04-10,9202.448599917365,8953.669311138186,9460.747945931802,9346.53619586564,8641.64737968023
2020-04-17,9100.514748039774,8886.248586090871,9494.821426259425,9395.111854871597,8641.025950194544
2020-04-24,9422.325972687167,9266.521452822399,9738.71402319807,9678.027753031949,8994.000474471208
2020-05-01,9423.680195742525,9227.714976188801,9728.343431760952,9639.068009240513,8907.306423684651
2020-05-08,9560.55381745195,9413.368484818042,9747.608092617933,9971.04239007467,8823.39901523523
2020-05-15,9931.025370263022,9827.091715694223,10056.45244138006,10466.827278022405,9130.236780092499
2020-05-22,10099.938802165248,10025.721430938756,10127.800201379365,10640.105055956597,9380.723360410353
2020-05-29,10375.949236329467,10271.13799029427,10288.512954207361,10906.767547099918,9640.497374434666
2020-06-05,10202.209273935314,10055.592390726431,10091.903054521848,10661.157665306353,9307.649230159144
2020-06-12,10608.564735960063,10472.94521142239,10403.492582857441,11145.52322813265,9653.501018299303
2020-06-19,10644.9509815599,10484.79905278218,10315.925518031847,11299.404312555733,9558.216194390572
2020-06-26,10752.886725444421,10551.453406498487,10457.26470385717,11313.372448566945,9709.979992650035
2020-07-03,11063.842754331201,10830.732823569646,10641.556728039099,11841.198310793789,9776.83982804439
2020-07-10,11238.49368605208,11157.110217152149,10771.60955823443,12153.034719326497,9976.183689197049
2020-07-17,11390.190996850397,11276.185727097805,10720.113765628907,12396.221774858994,10043.669076329066
2020-07-24,11479.524894704176,11359.564209320255,10876.105520768553,12513.819754304652,10074.767345251183
2020-07-31,12228.76800111647,12050.620611023305,11102.027987760084,13779.85842338201,10397.261423120935
2020-08-07,12183.92479800564,12103.513602895151,11067.58713976139,13847.961142645165,10475.005034300239
2020-08-14,12400.950316797302,12318.056193517566,11280.073357461619,14222.591229838928,10520.099379250694
2020-08-21,12481.523183377685,12309.448268681152,11423.876164668598,14007.251064663555,10832.643371408521
2020-08-28,12327.467928520553,12124.731524392271,11263.34016642069,13516.6318418574,10741.213883662225
2020-09-04,12232.307572983114,12051.1950927861,10903.372255473336,13599.52938856819,10383.57966880592
2020-09-11,12451.497253376796,12169.850299281963,10852.365943707966,13789.12245196587,10444.220056528453
2020-09-18,12094.446025640887,11793.914107279455,10878.29078579884,13276.235211538498,10100.73134933469
2020-09-25,12528.77597345779,12231.215799641333,11121.44196483638,13935.263051892078,10523.497145443573
2020-10-02,12532.104402317695,12209.20236507731,11109.61429651373,13609.456360060098,10733.941200610023
2020-10-09,12760.271900472195,12438.660531236039,11369.477452322119,14074.440255409563,10850.090802905457
2020-10-16,12825.67878027863,12525.047682479124,11148.289551354326,14306.998025171744,10759.854707106793
2020-10-23,12768.989992317387,12443.03373650068,10734.663383332272,13816.687767851823,10303.059720919427
2020-10-30,13323.839762068239,13019.259879847546,11238.465496999273,14776.880804917437,10935.646081583085
2020-11-06,13939.42169824251,13972.06456828454,11227.56011947122,16231.749258919679,11028.378200954434
2020-11-13,14210.617119379276,14204.646271461905,11435.634570965869,16736.319145638106,11171.069953173286
2020-11-20,14068.15563583251,14061.353199625859,11491.476447796036,16125.612802096559,11323.438691910522
2020-11-27,14662.57034159826,14687.55132760137,11664.933825016935,17250.149127124187,11449.266311287332
2020-12-04,14946.981405850514,14929.702542240584,11953.336799565428,17424.124712180677,11450.516384199665
2020-12-11,15676.1551840885,15628.195377068001,12245.864579638881,18386.96123409697,11622.558570501957
2020-12-18,15860.030908268447,15937.28403994296,12217.980771724247,19137.363359536255,11570.505864212617
2020-12-25,16356.260573781201,16506.58025926452,12268.733491354555,20306.55924127173,11723.522827073393
2021-01-01,16415.582969448427,16578.562647225244,12397.705122419584,20450.488493910292,11887.20302523829
2021-01-08,16441.02557003502,16470.727491009857,12296.563041027708,20568.609573049664,11867.137963735324
2021-01-15,16602.999996890343,16594.317569364986,12524.452290104073,20817.885663848756,12048.375863637564
2021-01-22,16404.849391926396,16380.07555904799,12263.702126926515,20546.290365242217,11841.11212587215
2021-01-29,16574.57234458039,16588.584624892,12531.38643960881,20944.95562851878,12109.521227227402
2021-02-05,17104.38198775537,17161.747991621585,12832.398021188365,21661.766042986335,12251.252494735378
2021-02-12,16997.210603429154,17093.16037464191,12693.271857617185,21401.31573489545,12251.567847011698
2021-02-19,16361.445492059851,16495.614269937894,12227.462415287773,20649.458848877424,11988.485725775032
2021-02-26,16041.024044430993,16237.923699400684,11959.04950047264,20234.60950609027,11811.948223690719
2021-03-05,16437.024049120362,16665.34933124937,12329.294484044645,20363.725328129913,12339.67686078971
2021-03-12,16548.7048166302,16900.480681041143,12271.205202369809,20321.833342776237,12275.396524570595
2021-03-19,16552.60204111747,16896.804405872266,12287.1476370281,20407.353889730723,12259.607268931819
2021-03-26,16854.23291828001,17191.866444180723,12715.88027963808,20753.752798855883,12602.822876932036
2021-04-02,17349.485316895807,17706.80568207643,13221.325521981764,21580.084698029634,12851.661587021681
2021-04-09,17613.36665332774,18039.95078093492,13428.096108052303,22224.527033891485,13082.887975535274
2021-04-16,17486.02454210682,17915.61110187206,13355.147960294706,22071.0584817412,12969.633224691399
2021-04-23,17622.373744456305,18103.400608756438,13535.480059925356,22326.029352025773,13214.699043658171
2021-04-30,17538.87113285066,18068.462083097897,13267.522450948949,21911.024962897314,13183.554399401304
2021-05-07,17139.298666941475,17732.854303473843,13013.761300676904,21231.102236408384,12907.03064502734
2021-05-14,17536.035975637373,18079.557341329903,13451.39783375108,21844.674152404794,13064.328566567283
2021-05-21,17785.952713932907,18275.802555616076,13695.86653314648,22371.566370198885,13190.476691035383
2021-05-28,17847.706475680778,18413.6674859329,13796.578606873798,22715.743238925297,13174.120625749629
2021-06-04,17828.720998736135,18367.211250260774,13631.021587605972,22632.818342102964,13326.382185935434
2021-06-11,17726.8391433508,18317.148097152723,13655.149591254667,22840.319439137413,13274.787049615656
2021-06-18,17767.005373664782,18382.05794432169,13921.72349216169,23111.023865453702,13417.006803983028
2021-06-25,17924.31184604152,18602.805383527655,14110.739982391653,23549.384108880116,13585.231784953681
2021-07-02,17745.547571581443,18495.722639096835,14028.284025496956,23526.622282561802,13600.698474375178
2021-07-09,17818.727634605388,18554.622390898174,13949.812866861685,23442.191528646516,13721.581452504366
2021-07-16,17860.901063061607,18652.772025266073,14162.091316039343,23900.654543978722,13743.98898369384
2021-07-23,18256.651825299807,19187.852636643798,14574.602098476758,24910.781167366455,13907.795941107059
2021-07-30,18110.862806244037,19149.57278192293,14622.817421609276,24827.666173162783,13942.833021794164
2021-08-06,18044.815942013913,19090.214265609968,14622.50541740978,24922.497692486504,14048.560540526192
2021-08-13,17784.21155707332,18895.530790144796,14487.337363949353,24681.583108778785,13882.861469455063
2021-08-20,18007.34285305134,19048.228517366704,14716.482362333352,24949.6975430986,14084.85696919258
2021-08-27,18548.611570141846,19549.57362536175,15203.048224889182,25702.537901172065,14303.58365914585
2021-09-03,18487.611158988977,19449.036638208265,15119.874142523386,25639.443155705354,14170.70698888664
2021-09-10,18381.22553183519,19394.15812239019,15251.25682128363,25799.048611040285,14113.582882101355
2021-09-17,18146.82851970832,19093.51881064936,14978.258166315556,25457.83010153007,14032.45799373709
2021-09-24,17757.4721112624,18715.075763902314,14395.348970520108,24938.181555384595,13587.910218176397
2021-10-01,18011.843235131746,19054.902902115333,14879.574777438114,25426.959593952342,13889.340619001508
2021-10-08,18080.600143981632,19146.545995088705,14871.405592803629,25297.04166211534,14010.929532781929
2021-10-15,18209.4761030367,19241.400177607426,15047.310867658392,25605.548579466984,14362.073261898859
2021-10-22,17937.359756159083,18948.521188872015,15032.133202152812,24954.256685669214,14511.838798511977
2021-10-29,18077.584528850402,19155.095683596413,15478.700216168692,25568.157751793387,14783.826014584145
2021-11-05,18075.363990776626,19112.65554672483,15310.94575447348,25334.486736820912,14684.40244968949
2021-11-12,17893.788497114056,18902.060158040633,14880.301958959742,24591.023711701997,14873.116053553857
2021-11-19,17578.27173621552,18607.825446108498,14654.463610967472,24006.567137027814,14863.932706709842
2021-11-26,17043.248345284574,17971.2792566993,14050.161956456266,23067.56282891723,14482.709935472361
2021-12-03,17510.502973264887,18499.235992237605,14545.051151851534,23674.951995661326,14766.09517826373
2021-12-10,17715.295095562953,18820.72038553235,14665.982999241847,23813.89973912254,14769.260037219847
2021-12-17,18043.471807318194,19116.552266319974,15069.071291341908,24376.54355073168,14953.010449702686
2021-12-24,18227.623144922112,19400.25160149449,15233.823170044207,24738.584341578306,15129.6788332873
2021-12-31,17807.67000641447,18977.3127091665,14603.293187663912,23466.11319659881,14868.490886834528
2022-01-07,17602.50660509871,18621.907069323795,14298.629281091975,23069.759142619725,14760.140585281491
2022-01-14,17464.250649400215,18242.790861047317,13948.158176252233,22383.56764356004,14195.193165636034
2022-01-21,16913.758208376334,17631.423429942028,13586.996663968848,21749.80621247474,13702.372788849834
2022-01-28,17268.291907373907,17963.88723180987,14010.514324648122,22407.857702370246,14190.42887291245
2022-02-04,17488.22382989622,18223.745906740234,14204.502898221754,22256.326517105317,14276.85394675744
2022-02-11,17267.011387646624,18068.915163799025,14323.28657176615,22246.527418342444,13887.299073709404
2022-02-18,16884.2227342406,17668.466618384282,13960.942207300172,21651.98402275435,13608.957406213136
2022-02-25,16873.719945346216,17738.633204040067,13999.04441599935,21787.170921900433,13844.404980752211
2022-03-04,16062.865599160861,16904.62368625616,13341.298856453262,20893.91938811397,13519.3540760931
2022-03-11,16442.72789379326,17299.66105717081,13715.737069150875,21325.05879618235,14014.715821223745
2022-03-18,16743.15645278344,17675.072893778706,14047.598595556878,21703.17330567645,14358.49617774495
2022-03-25,16896.637392518158,17890.486146619976,14200.004601862765,22048.780784278526,14395.153303459414
2022-04-01,17016.179093622974,18022.653056290223,14296.311493006262,22233.037729016956,14303.677440378366
2022-04-08,16843.52795911747,17895.227445549725,14115.440921986,21872.64609834412,13953.712675327148
2022-04-15,16758.013043347855,17956.92240141182,14200.212133054689,22079.21010871804,13962.314784642262
2022-04-22,16610.414498094968,17638.31339695792,13935.194151730891,21757.41969817266,13635.617040317931
2022-04-29,16276.794766786628,17100.940303376778,13517.273812855725,21061.966790380164,13189.394599891171
2022-05-06,15746.713806330668,16559.014990417243,13079.875808623416,20604.145569318625,12505.079129718444
2022-05-13,15880.195030253733,16540.659911004786,13207.716788828397,20233.56358072693,12413.282761546103
2022-05-20,16430.755478805775,17246.320298384744,13797.411591186377,21070.49407410416,12918.474016518314
2022-05-27,16621.627177750885,17428.38790608719,14100.345192775696,21527.339238283635,13303.497504079522
2022-06-03,16123.48878065627,16917.628700097408,13576.213602898717,21066.788798253634,12795.1218094543
2022-06-10,15155.401094432304,15944.98414509455,12700.716327592083,20025.72717437076,11686.260760881185
2022-06-17,15676.590087141238,16544.19384273204,13241.991433812227,20850.275443765506,12101.984720048631
2022-06-24,15698.502597392706,16604.474567247515,13287.142964431878,20962.00240850644,12076.056785669938
2022-07-01,16045.298925287992,16972.9948981499,13563.532080086969,21405.0082305944,12451.862917808314
2022-07-08,15685.282271475127,16678.687839554783,13109.500630135626,20771.682362352873,12097.18229649425
2022-07-15,16144.723726506818,17141.226220524997,13676.545219733209,21181.954591245056,12765.567323897953
2022-07-22,16481.966305827045,17510.10132804409,14139.925541239943,22008.874557146777,12998.60544215588
2022-07-29,16670.89384638687,17678.252725462386,14314.63981770778,21608.965853675334,13257.890969320799
2022-08-05,16602.491933285084,17633.900940734446,14398.542426351269,21654.98870371977,13444.192025215028
2022-08-12,16913.507409997692,17989.02214953125,14641.684114421854,22136.622743080105,13697.078786747083
2022-08-19,16778.666722311387,17913.66569197198,14665.289690917616,21708.6919408169,13428.82942265598
2022-08-26,16094.716751715761,17118.835269875053,13869.721020411578,20937.639858007464,12689.70036793164
2022-09-02,16053.405869708062,17254.512505325434,13947.428673514354,21000.498916137076,12816.464769070453
2022-09-09,15743.702617088224,16862.177430031796,13600.395086815304,20514.73632542097,12488.03155666338
2022-09-16,15262.20365541041,16363.200912283966,13193.257046631265,20054.244420065897,12028.271640740828
2022-09-23,14780.197688422733,15808.90905758054,12717.12538647358,19349.067395259197,11660.886238830537
2022-09-30,14926.31180039091,15977.4879848781,12790.338581744587,19557.269406893793,11995.486340196714
2022-10-07,14907.821910747916,16149.330447275832,13065.696628726946,19921.169932424535,11763.099537751314
2022-10-14,14707.292810871611,15906.008842952386,12737.343288052938,19674.859920768246,11745.096632800347
2022-10-21,15122.196917397408,16339.143667449885,13012.995129743445,20033.079081515236,12213.41022157727
2022-10-28,15054.291117880783,16211.06343495788,12861.88855457554,19970.002092077313,11925.095795983196
2022-11-04,15730.088351666982,16877.65019385472,13437.783807987104,21073.782801219884,12686.224278951187
2022-11-11,16006.975127889553,17104.090658003526,13703.631211778042,21065.102244921112,12671.759296760347
2022-11-18,16361.158229181876,17584.99258204212,14115.869342645175,21625.943405217222,12934.681680732867
2022-11-25,16754.791082617125,18029.70640054246,14619.535779309059,21975.17403569993,13094.107714856458
2022-12-02,16559.960184978518,17755.351416630067,14443.67991765194,21578.30974721127,12736.042724668448
2022-12-09,16201.822210994396,17334.528013371448,13990.590278458867,21123.681507425834,12523.582888284749
2022-12-16,16035.349002834055,17064.449550702746,13715.60160098651,20774.66136564077,12293.389123891648
2022-12-23,16157.858669183344,17145.362944134722,13747.713414195247,20852.516567520306,12381.216793972158
2022-12-30,15907.723485637764,16892.263204854546,13553.650095189088,20516.225796030052,12250.120936567453
2023-01-06,16192.186880587979,17271.60994756062,13869.399907181685,20857.699055015702,12817.775645199472
2023-01-13,16113.480317013351,17119.229634315896,13738.835161258878,20653.689614208834,12549.123330977516
2023-01-20,16516.648383242424,17602.013904233216,14165.375904372295,21157.642126583585,13069.314430334714
2023-01-27,16859.004714671883,18024.311208420237,14597.029064082679,21966.878750584998,13457.762478726656
2023-02-03,16531.085998809038,17673.562471237372,14248.971126521135,21660.860328047213,13144.870156276687
2023-02-10,16554.272050305968,17678.24058250677,14234.628584751898,21590.55202656965,13183.295728089717
2023-02-17,16266.69839518192,17392.001641516235,14085.464480776389,21328.946015526195,12937.24881315218
2023-02-24,16250.331982531541,17366.79847790873,13993.998786836944,21320.475348426477,12845.222629432066
2023-03-03,16143.880814648928,17264.504882424357,13947.684319974609,21291.753971145106,12643.408508781584
2023-03-10,16444.018940612732,17557.398823312364,14390.220436208017,21519.116278354257,12790.326599840893
2023-03-17,16528.019449941206,17545.329065313555,14273.616899123572,21184.081127991227,12743.848208788819
2023-03-24,17022.484759714844,18077.489231713527,14751.337539728322,21882.580598542947,13085.158305812205
2023-03-31,17202.652514773243,18309.27193052494,14985.708232101168,22184.31807611384,13263.105618073
2023-04-07,17295.35751282698,18408.31759891627,15173.300332654328,22467.081723032104,13401.83485557799
2023-04-14,17410.455316771193,18562.623256998544,15232.826561491329,22769.07073114738,13350.298461348897
2023-04-21,17839.413838529505,18985.95847356022,15903.458839955356,23791.298807335617,13367.47794646726
2023-04-28,17624.340579210555,18732.793051609493,15791.161115820045,23611.605420743916,13131.508907052963
2023-05-05,17821.75276369435,18988.648517489946,15909.303209178259,23612.8946512997,13358.400747611679
2023-05-12,17906.8945016181,19139.865920205993,15988.219242828165,23553.08265500165,13588.533708788103
2023-05-19,17739.2843562829,19013.493077933344,15830.882321008701,23326.792566166,13440.082139992972
2023-05-26,17981.722656858346,19205.270646166282,16111.403069561162,23604.49716098163,13672.482339757304
2023-06-02,17995.93381787792,19247.364506893722,16027.50504922798,23539.539552105056,13909.423200075415
2023-06-09,18435.936262957148,19715.943093485563,16437.78466325601,24024.169728572433,14346.028426637477
2023-06-16,18421.40726877553,19766.77073117725,16444.809472011886,24132.086442970765,14201.187950575086
2023-06-23,18426.81272370059,19782.26867646384,16447.273901150547,24172.846840367467,14253.242717990413
2023-06-30,18527.5015404245,19995.28841313454,16563.658958631797,24365.31757268528,14303.669195874427
2023-07-07,19048.41402723971,20392.332376714534,16846.934904657013,24701.246154882454,14625.75104854638
2023-07-14,19177.724076413226,20589.917038002925,16938.837923579125,24767.556990865007,14710.987883258707
2023-07-21,19310.37161002609,20593.66009796971,16758.838304486533,24635.25571357931,14721.07297272291
2023-07-28,18885.40714833602,20170.945900158607,16554.89341126793,24393.445469618095,14602.325321118333
2023-08-04,18863.27986602474,20211.72809242476,16313.599350907129,24168.487123140458,14507.002366378805
2023-08-11,18344.811281640537,19689.12070348432,15828.85877493543,23511.68131015675,14194.030690578258
2023-08-18,18353.843622197728,19703.24200981666,15874.734393204719,23516.12352480232,14213.55161482013
2023-08-25,18653.794685024375,20068.360828702207,16087.60385305672,23814.387566826903,14651.451228503287
2023-09-01,18620.711111505345,20095.6970169426,15970.62129125048,23627.017347564706,14472.517667456752
2023-09-08,18749.583439332968,20278.116742946248,16308.227166989565,23999.013688676154,14651.775855846556
2023-09-15,17951.272580802168,19481.746010841103,15778.301842285155,23452.591361649498,14084.123208340527
2023-09-22,17736.316187202243,19198.53892762953,15510.90634153442,23121.664213068125,13990.421329191351
2023-09-29,17439.368922411802,18823.320056859255,15316.266663078188,22690.515056600118,13859.176040152439
2023-10-06,17444.736765360685,18798.59110572234,15435.02418568444,22646.85785815061,14158.233054401211
2023-10-13,17489.208231382883,18964.638971727833,15541.009145724809,22721.864752936326,13922.185692199333
2023-10-20,17121.226441231018,18538.32533058738,15218.783604830021,22175.811893007212,13469.027562819569
2023-10-27,17740.225128833277,19240.841560614303,16011.059198113853,23110.257286249984,14063.555232096242
2023-11-03,18350.99510755013,19856.570013636938,16408.419842004696,23642.148608951782,14164.109324595865
2023-11-10,18567.201479622618,20102.25021989569,16810.199766719583,24211.05019214459,14699.214731609509
2023-11-17,18921.103375472707,20528.045170664263,17107.676967511852,24691.380674846227,14855.598543773327
2023-11-24,18738.279006512912,20425.397126339918,16993.84484854759,24526.74054699015,14900.654757892988
2023-12-01,18806.505855966705,20559.041514691595,16891.64618515181,24571.2881414746,14960.400616936293
2023-12-08,19141.583899163168,21000.06045895376,17279.28936901314,25201.14530880084,15410.292892186479
2023-12-15,19372.326260285947,21276.51344699496,17476.126146101637,25438.29329721556,15495.39266202054
2023-12-22,19633.73317308266,21651.129698460743,17716.777766331645,25925.09680852981,15626.186564467858
2023-12-29,19461.269004715406,21465.9657770443,17504.189762565915,25816.55680631421,15317.721540642271
2024-01-05,19726.983983173348,21697.715809611298,17672.360626609392,26177.997314126584,15615.042056245306
2024-01-12,19494.796113884884,21560.882769004045,17536.610609126416,25974.62503040116,15619.63012269683
2024-01-19,19548.63294283113,21538.404081104014,17681.76484261606,25824.447701858877,15997.91785052597
2024-01-26,19773.62650888707,21800.296774617145,17916.661941579474,26246.86581911202,16036.271282929383
2024-02-02,20062.68047270783,22072.51218923529,18272.698191482457,26887.05329605651,16335.231424256674
2024-02-09,19893.49330139701,21640.294806829526,18114.61444491327,26814.966163976867,16456.19066404745
2024-02-16,19863.26024021047,21720.11268539556,18124.459240515975,27017.96807132564,16636.156849214476
2024-02-23,19950.44187841685,21950.82889172729,17953.685502294422,27567.111910191932,16655.16764477407
2024-03-01,20135.99208026327,22207.538253617116,18052.970005059695,28200.164855548643,16875.78335669626
2024-03-08,20316.099437879748,22497.114817973783,18182.859745714602,28608.635298419795,16880.37142314779
2024-03-15,20418.018892200806,22631.323373423427,18422.14823481359,28761.474222405173,17171.217942019353
2024-03-22,20415.239539295922,22700.068586958685,18419.097984840282,28394.029143357744,17199.825340183757
2024-03-29,20017.467651272094,22279.472974983404,18237.724286347933,27759.75525846031,16871.001544401766
2024-04-05,20063.882350435557,22335.292972055995,18414.424208688823,27925.15887079846,17033.11322568903
2024-04-12,19600.89371314099,21799.965182959077,18049.86878320614,27149.153142327927,16425.44175598047
2024-04-19,19954.476089244636,22152.952166090527,18366.395507963756,27556.099355423983,16555.987292746115
2024-04-26,20291.13356422307,22466.876132355344,18395.312581464987,27841.047696292328,16606.625036044006
2024-05-03,20962.708842800712,23271.506641381267,18932.689969562638,28810.758822547596,17104.46528517643
2024-05-10,21338.880898850024,23620.274704221887,19173.566241959816,29455.63206872307,17384.624865795005
2024-05-17,20867.70325957767,23167.46723454736,18927.976238775133,28697.56049168231,17294.858706721836
2024-05-24,20563.27590788228,22696.98756115157,18829.396575976454,27977.18585642574,17184.69873655045
2024-05-31,21103.06014595304,23193.307629081453,19433.440989878065,28634.24431486907,17580.93474949185
2024-06-07,20570.214643738513,22729.77554549771,19260.250667718014,28000.479357408378,17837.09148740546
2024-06-14,20580.43998216563,22734.656646606756,19239.132607225172,28000.73818197086,17986.702439569406
2024-06-21,20610.631543385625,22832.50968611582,19333.05611016545,28081.003691468057,18023.94492506475
2024-06-28,20547.214546244548,22682.588527602322,19228.84245537249,28049.287018924344,18191.860737137053
2024-07-05,20843.291422383016,22849.55978930467,19315.058661923995,28244.019230889222,18357.459843597713
2024-07-12,20537.33426072118,22617.010045069586,19207.47718362816,27890.28066386277,18231.4446617559
2024-07-19,20188.969796960322,22365.72547815834,19135.17358625821,27562.20421710792,17761.35541293945
2024-07-26,20510.170384822955,22771.060768832438,19693.674260607113,28294.907268388037,17913.105813879985
2024-08-02,20114.372711945533,22305.24460762054,19656.553086462227,28228.290315233902,17505.36768735694
2024-08-09,20434.016006439655,22616.4486521997,19994.767828952263,28639.44807360734,18244.971831621744
2024-08-16,20675.628238366913,22798.604554956903,20151.695987938612,28745.29859750222,18348.88555948345
2024-08-23,20761.3052773257,22911.429703312868,20421.372015619785,29020.555645072847,18419.14728332266
2024-08-30,20653.298861724703,22842.215677666783,20408.294572448303,28783.898712017017,18130.830796602597
2024-09-06,20711.71349268956,22963.193984135614,20511.260255031146,29130.7595562604,18443.561320662433
2024-09-13,20907.99565634183,23136.33205721819,20489.713697142728,29275.694127212333,18835.791535244196
2024-09-20,21315.808360417144,23480.524492721124,20739.59124012561,29512.99073857662,18937.246339801015
2024-09-27,21031.558062828375,23211.458682735574,20413.25875597689,29100.222314616967,18789.003975293774
2024-10-04,20961.354856569764,23196.039897266382,20432.506436231244,29239.150030218952,19063.978793487004
2024-10-11,21115.53934835887,23456.140291536645,20542.243636778843,29365.510363921436,19269.80077362311
2024-10-18,21045.31733586645,23380.327053537138,20667.77146724226,29385.84978865566,19166.892875244044
2024-10-25,20707.73691478785,23094.612372415944,20506.02524421905,28936.16243924934,18816.140760065024
2024-11-01,21178.70272774977,23608.06658622715,20926.2402008208,29005.041383811982,19708.567090784647
2024-11-08,21249.456219218402,23754.16746896288,21149.724614117033,29079.285603055247,19633.78737877754
2024-11-15,21339.51085080753,23941.969071080457,21210.366786562576,29246.26375115711,19644.375382983057
2024-11-22,21690.462246250823,24338.33579627046,21489.202923192493,29698.776080093772,19815.11905991228
2024-11-29,22026.614290555448,24609.43784689261,21871.948516935623,30116.815057461146,20074.21084123423
2024-12-06,22289.80871518994,24930.136501624846,21866.27059296262,30252.066994900444,19997.108240237514
2024-12-13,21280.226096575763,23709.046306226024,20815.61698325573,28924.824239653586,19393.886741539216
2024-12-20,21383.776916134764,23837.144557129574,20982.054219739606,29038.589364586704,19965.144298400013
2024-12-27,21158.522836669614,23574.724829717758,20748.623529950328,28808.375182215532,19410.684918349612
2025-01-03,20913.35258902052,23425.89169693343,20490.734370437694,28328.506097499292,19571.70832511468
2025-01-10,20523.440000704493,22882.9310379497,20004.655991625557,27829.094932077776,19643.0933626179
2025-01-17,20447.549968948577,22797.2792266061,20289.451312819965,28552.298195726653,20244.3650361306
2025-01-24,21064.808793961813,23321.915466815284,20669.968625725516,29128.805337785387,20087.987407344746
2025-01-31,21200.37001682406,23369.93895345371,21240.693311889252,29866.021245885957,20130.485764112054
2025-02-07,21572.61195323864,23870.387364294515,21870.73410471013,30696.619576278077,20243.70135356214
2025-02-14,21822.417376194888,23950.039971801394,21822.915402109258,30422.464182211985,20265.283403793015
2025-02-21,21864.63670247387,24040.378478176182,21891.356580337106,30669.332020091122,19424.298655506995
2025-02-28,22404.95320488541,24482.59238395959,22301.532903889165,30943.93172880961,19014.59627591643
2025-03-07,21636.735633095024,23810.576506715795,21491.941830882774,29747.30195751397,18307.74342361692
2025-03-14,22014.761324953506,24180.790230663188,21846.072433375957,30181.886561779567,18774.887323395084
2025-03-21,22498.235704000428,24639.25526975422,22060.92640534291,30620.339081301703,18884.312502151388
2025-03-28,22073.61620707901,24600.91492573128,21865.343194189754,30513.33413399924,17872.63148283389
2025-04-04,21400.149762700927,23845.33760434009,21098.868196455944,29462.335963203263,17469.023852792816
2025-04-11,21893.30095965245,24221.227122666627,21619.938217332092,29927.70876288225,17529.958981531774
2025-04-18,22458.36480145271,24688.356586489263,22390.71519539339,30842.244009901668,18205.307523089334
2025-04-25,22714.41690087504,24917.276698250713,22859.414823948493,31331.374671356556,18597.58926582083
2025-05-02,23030.04208208839,25232.06290330354,23386.26166007795,31989.101279563136,18817.045594374205
2025-05-09,23128.811087977567,25642.408781545775,23837.01895465081,32622.617834559245,19662.888416616315
2025-05-16,23139.163549148874,25590.592006054332,23868.32454698201,32780.90755678498,19417.46190060147
2025-05-23,23297.88685258547,25630.455995811797,23982.051968148888,33004.18198688535,19649.235518065143
2025-05-30,23355.556080470054,25739.423690134205,24283.154534770736,33371.16745282863,19749.136233626257
2025-06-06,23596.024835798642,26008.372502340746,24468.87108394557,33449.61259930907,20105.45751122757
2025-06-13,23451.362024855705,25719.63446614059,24235.922550131716,33097.98920216694,19895.327777774444
2025-06-20,23692.446408306896,25899.282663940794,24375.78575628482,33242.92011261934,20436.099220131862
2025-06-27,23991.92477154837,26469.25764305332,24555.305484541906,33697.907558016006,20885.989434256062
2025-07-04,23930.302993524285,26395.141767689103,24417.732953002993,33620.510119681545,20902.022933324537
2025-07-11,23831.22690039468,26276.89646206116,24183.127153068068,33302.429908614795,20976.165757401042
2025-07-18,24121.04073356158,26453.17472145044,24297.59062463667,33090.012202858954,21189.25526777438
2025-07-25,23478.3184176217,26009.372888456994,23991.173878985763,32714.00514629665,21111.10149252327
2025-08-01,24165.446808804772,26627.55179527999,24286.631715868494,32846.19794786582,21116.777833496988
2025-08-08,24822.347395331868,27350.764988511877,25168.933789025024,33766.85528649355,21540.951378656366
2025-08-15,25036.462006465248,27649.467820296824,25268.97132754967,34095.88122306055,21226.996545759062
2025-08-22,24652.775052887562,27123.794207493702,25154.206041154754,33412.28418872027,21673.545674655084
2025-08-29,24514.579963278135,27074.684319655295,24978.55566376737,33182.13327234001,21680.22784511144
2025-09-05,24642.616461641977,27057.81885722531,25127.83266205286,33115.57265377579,21964.455057869316
2025-09-12,24334.926996227707,26759.63615979407,24973.56489815264,32854.426920071164,22119.09309632045
2025-09-19,24088.512229223747,26502.411340041235,24839.220708720633,32775.30265445098,22039.418210089447
2025-09-26,24703.60477224286,27180.56027209989,25340.829947697206,32759.357693974584,22413.520821597915
2025-10-03,24515.290554362004,27073.15758990993,24847.828153618575,32094.668373621967,22478.497818401313
2025-10-10,24522.18793806127,27293.354105297036,24900.373792393355,32343.01714910352,22126.16275846274
2025-10-17,24696.262157492656,27393.655100174252,25122.993755568477,32697.094620792315,22498.593796794117
2025-10-24,23951.706851514242,26570.331732003866,24172.222664441004,31128.5173208804,22768.875431110377
2025-10-31,23519.314590406946,26060.136924520946,24168.672553616787,30979.839629453985,22450.031607367153
2025-11-07,23874.217690867223,26602.807148841606,24724.42089873082,31915.328920238553,22507.97192004408
2025-11-14,23422.933721992693,26215.467604784117,24141.737307030904,31230.089219652193,21854.5434533796
2025-11-21,23993.225454372554,26922.509502494428,24569.26660690146,31917.214356922286,22763.85040594918
2025-11-28,23910.926112194084,26930.32506928881,24614.664512236595,31969.755878946115,22921.598683517717
2025-12-05,24022.55616621566,27183.9074611075,24712.731219456582,32323.12967407997,23081.688400209765
2025-12-12,23937.988165194718,27210.231526559386,25066.14735672948,32829.80767888604,22656.337952110665
2025-12-19,24061.9773445666,27427.21906742689,25228.667015733445,32980.127042415195,23190.538524815136
2025-12-26,23932.915976715412,27264.357941372014,25065.624728543993,32591.069306169604,22906.358717955005
