Rebalance Date,Strategy,BF-B,BTI,BUD,CCOEY,CMG,DEO,DPZ,GOOGL,KDP,KO,MCD,META,MNST,MO,MSFT,NTDOY,PEP,PM,PRNDY,QSR,SNAP,STZ,TCEHY,TPB,TTWO,UBSFY,UVV,YUM
2016-01-01,Equal Weight,0.03999999999996362,0.03999999999996362,0.03999999999996362,0.03999999999996362,0.03999999999996362,0.03999999999996362,0.03999999999996362,0.03999999999996362,0.03999999999996362,0.03999999999996362,0.03999999999996362,0.03999999999996362,0.03999999999996362,0.03999999999996362,0.03999999999996362,0.03999999999996362,0.03999999999996362,0.03999999999996362,0.03999999999996362,0.0,0.0,0.03999999999996362,0.03999999999996362,0.0,0.03999999999996362,0.03999999999996362,0.03999999999996362,0.03999999999996362
2016-01-01,Max Sharpe,0.0,0.0,0.0,0.061534408120895806,0.007873139851657093,0.0,0.11546602670776458,0.0,0.1755740337578202,0.0,0.0,0.16176317841593638,0.03978233162947681,0.1086802038353978,0.0,0.0,0.0,0.0,0.0,0.0,0.0,0.17684693872439022,0.06588400986465451,0.0,0.039331823245665844,0.04726390584608149,0.0,0.0
2016-01-01,Inverse Volatility,0.04768112480764592,0.04512429730163859,0.04477919180623017,0.03117935520610382,0.034013882414776785,0.04771418452417315,0.04199004269163223,0.033627265603178025,0.05069488885381893,0.05236562585844001,0.057463169915888526,0.02643035050053698,0.025606125930224544,0.05042505962038703,0.035082725447368686,0.022183104855714116,0.057476678012274185,0.048310315750759586,0.04596415787527607,0.0,0.0,0.03993985235229533,0.029320964975232133,0.0,0.03263550961467334,0.024872052243267096,0.03603156511011214,0.03908850872749239
2016-01-01,Minimum Variance,0.0,0.0,0.0,0.08493248067997264,0.11776267848834064,0.05433743641397539,0.07582328903264779,0.0,0.0,0.05250152190456642,0.20981285971759694,0.039601431755952717,0.0,0.04076952401117777,0.0,0.0,0.11736880947244684,0.05476463265380321,0.05875156280584506,0.0,0.0,0.007715551389241253,0.0,0.0,0.0019024077970565504,0.0,0.0450698521801855,0.038885961696580644
2016-01-01,Risk Parity,0.03449952340589458,0.034748875279359555,0.034633911041729325,0.05486014162583811,0.06480454722014213,0.04047689241110418,0.04637310510087414,0.02902566618341916,0.040599418047689434,0.046014342570381485,0.06098728726921851,0.03775784481882907,0.023652154208884335,0.04379856806478677,0.033443303085839066,0.02427785028660651,0.05011585354981382,0.04395084346572899,0.04189104433324285,0.0,0.0,0.036724661177340655,0.028169520005777125,0.0,0.03373248686544382,0.027947815392862434,0.04473453016915076,0.042779814419714665
2016-01-01,Maximum Diversification,0.0,0.0,0.0,0.11413513544522813,0.1462379587040093,0.02676236985387589,0.05227984101456925,0.0,0.0,0.03296423404048322,0.11554028657855253,0.06937085581588616,0.007324527362562885,0.04256721040700239,0.026486187388046742,0.022541711719550803,0.019773325618905588,0.0342602871957057,0.058598464675013576,0.0,0.0,0.013905277633080575,0.0,0.0,0.016400986110363044,0.0384634974076611,0.08343884749357373,0.07894899553501361
2016-01-01,Hierarchical Risk Parity,0.030112524433847224,0.0402451583940256,0.026154494038357016,0.04522653336899932,0.059545188468750274,0.029695376266041292,0.06375813920272916,0.026705241986210732,0.03348757450819171,0.06974782884873304,0.10627917236124285,0.022130089364901278,0.013639360394663853,0.03313204047324839,0.02906698983884062,0.017900295382707217,0.04375598853999621,0.04554552313721888,0.04122916678812791,0.0,0.0,0.033183268494973654,0.02262857619140839,0.0,0.03428070947091292,0.020793942406968993,0.06039838066900387,0.05135843697012169
2016-01-01,Eligible Universe Equal Weight,0.06666666666666667,0.0,0.0,0.0,0.06666666666666667,0.0,0.06666666666666667,0.0,0.06666666666666667,0.06666666666666667,0.06666666666666667,0.06666666666666667,0.06666666666666667,0.06666666666666667,0.06666666666666667,0.0,0.06666666666666667,0.06666666666666667,0.0,0.0,0.0,0.0,0.0,0.0,0.06666666666666667,0.0,0.06666666666666667,0.06666666666666667
2016-01-01,Partitioning Selection,0.08333333333333333,0.0,0.0,0.0,0.08333333333333333,0.0,0.08333333333333333,0.0,0.08333333333333333,0.0,0.08333333333333333,0.08333333333333333,0.08333333333333333,0.08333333333333333,0.08333333333333333,0.0,0.0,0.08333333333333333,0.0,0.0,0.0,0.0,0.0,0.0,0.08333333333333333,0.0,0.08333333333333333,0.0
2016-01-01,Density Selection,0.08333333333333333,0.0,0.0,0.0,0.08333333333333333,0.0,0.08333333333333333,0.0,0.08333333333333333,0.0,0.08333333333333333,0.08333333333333333,0.08333333333333333,0.08333333333333333,0.08333333333333333,0.0,0.0,0.08333333333333333,0.0,0.0,0.0,0.0,0.0,0.0,0.08333333333333333,0.0,0.08333333333333333,0.0
2017-01-01,Equal Weight,0.03846153846154721,0.03846153846154721,0.03846153846154721,0.03846153846154721,0.03846153846154721,0.03846153846154721,0.03846153846154721,0.03846153846154721,0.03846153846154721,0.03846153846154721,0.03846153846154721,0.03846153846154721,0.03846153846154721,0.03846153846154721,0.03846153846154721,0.03846153846154721,0.03846153846154721,0.03846153846154721,0.03846153846154721,0.03846153846154721,0.0,0.03846153846154721,0.03846153846154721,0.0,0.03846153846154721,0.03846153846154721,0.03846153846154721,0.03846153846154721
2017-01-01,Max Sharpe,0.0,0.0,0.0,0.10780971245205462,0.0,0.0,0.11288419080609263,0.0,0.0,0.0,0.049796408953656904,0.0,0.0,0.09353870499128297,0.0,0.0748785837893104,0.0,0.0,0.0,0.0,0.0,0.21486407984782865,0.0,0.0,0.07743891657328059,0.10550672360066708,0.1632826789857219,0.0
2017-01-01,Inverse Volatility,0.046459079436784,0.04211120033905199,0.041687969986552866,0.02956411413739201,0.029125714286647484,0.04614786355555016,0.03375610447701185,0.033542271583303765,0.04664779957258514,0.05305177266787387,0.04749890060531706,0.0372672459821837,0.031776581741957896,0.04718699968540726,0.035915642186190984,0.015773719261665983,0.05367591431291427,0.046596811763781325,0.04176998665943741,0.02925605539722358,0.0,0.04130920340162831,0.03258802762349498,0.0,0.03534686636307564,0.02538848878972642,0.037496360409344925,0.03905930577385527
2017-01-01,Minimum Variance,9.733257462788837e-15,9.731916336674275e-15,0.007580196048525515,0.0832494990168159,0.1341792449134427,0.07542136741126541,0.04079655494343859,9.731308385393828e-15,0.05861478722598854,0.05954125333472081,0.10623615184344848,0.0009314704535745803,0.005241461848228038,0.045856152028255937,9.730664536118614e-15,0.0029993649891312023,0.1350337722310764,0.07048366144793279,0.0225143140748843,9.73047012138737e-15,0.0,0.033163825623467584,9.731206775353685e-15,0.0,9.732509538496342e-15,9.732408562904607e-15,0.05971578298164186,0.058441139584336464
2017-01-01,Risk Parity,0.03823849179572,0.03402175790226491,0.035250109105072355,0.05188135077228489,0.07580276209541291,0.03863172568535612,0.037606456705105575,0.028726052293369272,0.04241798089389258,0.043216271647869085,0.04800188398384861,0.031148708777494857,0.033834369885738534,0.042121458383757034,0.028140059017589234,0.025154715829731847,0.049338023617974736,0.04299384154367341,0.035233603344758106,0.027402379714007965,0.0,0.041408304907757536,0.027067773145106024,0.0,0.03153742663489992,0.02847803923385579,0.042483429878669425,0.03986302320416434
2017-01-01,Maximum Diversification,1.4284280362525225e-14,1.426256729730329e-14,0.016680779558875113,0.13047160553642154,0.1640621804674315,0.02466893758707429,0.05370141105473019,0.007016870517379559,0.060943397387922885,1.4274478745295788e-14,0.045463573146437126,1.4291260230700076e-14,0.062245314487406875,0.03690189071341479,1.426256729730329e-14,0.053668988516619935,0.05779220783285669,0.03427996368593767,0.011799032928887374,0.0016532453903172625,0.0,0.049345224498242427,1.426256729730329e-14,0.0,1.4305138230246393e-14,0.042967942121370645,0.07875548380750585,0.06758195076143926
2017-01-01,Hierarchical Risk Parity,0.041543781220474245,0.027863878069706787,0.026146624546119664,0.0491926009185105,0.047626566736627685,0.032040356190642376,0.0393242874253995,0.01982161945998389,0.053044725319509226,0.07334457239616962,0.06986079734338423,0.03545634998135942,0.03126660865897612,0.03888869811335248,0.022725919532933896,0.014003553624230555,0.05545283113611447,0.03792198664223517,0.027414163123814343,0.02953845366816751,0.0,0.044264057425884726,0.02597200516302371,0.0,0.030555624540141674,0.024479673699091337,0.06267656842429291,0.03957369663916625
2017-01-01,Eligible Universe Equal Weight,0.058823529411764705,0.0,0.0,0.0,0.058823529411764705,0.0,0.058823529411764705,0.058823529411764705,0.058823529411764705,0.058823529411764705,0.058823529411764705,0.058823529411764705,0.058823529411764705,0.058823529411764705,0.058823529411764705,0.0,0.058823529411764705,0.058823529411764705,0.0,0.058823529411764705,0.0,0.0,0.0,0.0,0.058823529411764705,0.0,0.058823529411764705,0.058823529411764705
2017-01-01,Partitioning Selection,0.08333333333333333,0.0,0.0,0.0,0.0,0.0,0.08333333333333333,0.08333333333333333,0.0,0.0,0.08333333333333333,0.08333333333333333,0.08333333333333333,0.08333333333333333,0.08333333333333333,0.0,0.08333333333333333,0.08333333333333333,0.0,0.0,0.0,0.0,0.0,0.0,0.08333333333333333,0.0,0.08333333333333333,0.0
2017-01-01,Density Selection,0.08333333333333333,0.0,0.0,0.0,0.08333333333333333,0.0,0.08333333333333333,0.08333333333333333,0.08333333333333333,0.0,0.08333333333333333,0.0,0.08333333333333333,0.08333333333333333,0.08333333333333333,0.0,0.0,0.08333333333333333,0.0,0.0,0.0,0.0,0.0,0.0,0.08333333333333333,0.0,0.08333333333333333,0.0
2018-01-01,Equal Weight,0.03846153846154721,0.03846153846154721,0.03846153846154721,0.03846153846154721,0.03846153846154721,0.03846153846154721,0.03846153846154721,0.03846153846154721,0.03846153846154721,0.03846153846154721,0.03846153846154721,0.03846153846154721,0.03846153846154721,0.03846153846154721,0.03846153846154721,0.03846153846154721,0.03846153846154721,0.03846153846154721,0.03846153846154721,0.03846153846154721,0.0,0.03846153846154721,0.03846153846154721,0.0,0.03846153846154721,0.03846153846154721,0.03846153846154721,0.03846153846154721
2018-01-01,Max Sharpe,0.0,0.0,0.0,0.06820985593448003,0.0,0.0,0.0,0.0,0.0,0.0,0.18474741900727432,0.012277680175396686,0.0005548453996608788,0.02649917963772803,0.0,0.053152521049591665,0.0,0.0,0.0,0.0,0.0,0.1948023510697677,0.1331090693410742,0.0,0.19862050995819627,0.1280265684263518,0.0,0.0
2018-01-01,Inverse Volatility,0.043044427981218214,0.04126808572720245,0.041114678740199265,0.028228680230003494,0.0271769542573556,0.046226925821794204,0.03170519886367244,0.03450045668717391,0.047302271602308474,0.05550920137547995,0.049348801953630714,0.03801627247493919,0.03261306878472266,0.045959868783096706,0.03756872666707099,0.016814732917105234,0.055633963347696685,0.04604403140600362,0.04255445148592116,0.030546037468458947,0.0,0.042292313154506975,0.0325711081298811,0.0,0.03326213740775164,0.025768522060749685,0.034400990297322284,0.04052809237498751
2018-01-01,Minimum Variance,0.0,0.0,0.0,0.06756377148610597,0.09901288451823974,0.07561454040782954,0.036598226637286194,0.0,0.04722021933269933,0.09400158974986597,0.11227296725574291,0.017604536792379482,0.006794829915061589,0.042064720262056446,0.0,0.00492897089328823,0.13525607566045086,0.04899699468604141,0.036626780484830916,0.0,0.0,0.06255963996294946,0.0,0.0,0.0,0.0026604531079074674,0.05494803314392763,0.05527476570314222
2018-01-01,Risk Parity,0.037234502182250814,0.03420616627610406,0.03462672424765722,0.04654490446395509,0.06561475627140578,0.03938206605912228,0.035915139938316666,0.02897282022467676,0.043999305428820516,0.04566879188124801,0.049338243855437114,0.03199909980759263,0.03455525575748027,0.04315066605049998,0.029787836750466676,0.02555758891937093,0.04992595693190237,0.042293269455262655,0.03638539765826813,0.02848844639641332,0.0,0.04421358944988978,0.028540604758927307,0.0,0.03167677997961153,0.028401714316767794,0.04347291300238189,0.040047459936274246
2018-01-01,Maximum Diversification,0.0,0.013534764140152877,0.0048206732782884966,0.11498370514573569,0.1449001109410588,0.03436607846913431,0.05563083715070393,0.0,0.04398660995741625,0.0,0.04525248713804627,0.009798346823244137,0.06790529512524238,0.03403172342193808,0.0,0.056897290088804495,0.03828876913495543,0.030584481335905543,0.025064507854102098,0.008155988977178624,0.0,0.07358544029837365,0.0,0.0,0.01722774256885589,0.04177477109600902,0.09029231455252111,0.048918062502076684
2018-01-01,Hierarchical Risk Parity,0.044841934468424834,0.03811027667973656,0.026644190533134084,0.038166884415121775,0.04019765648237918,0.05579375696418417,0.03755532767509069,0.018151651757420686,0.0404229947910435,0.0734417412794039,0.05893912517990491,0.023602227090496454,0.03223681102831632,0.03816120247262614,0.021523823112367883,0.01361091270439746,0.07510120361978499,0.04437772292321848,0.028542941163308612,0.03485943572109651,0.0,0.05927674442831891,0.0173252292464436,0.0,0.023158937888307297,0.020125550177570367,0.056682298247024455,0.03914941994987974
2018-01-01,Eligible Universe Equal Weight,0.058823529411764705,0.0,0.0,0.0,0.058823529411764705,0.0,0.058823529411764705,0.058823529411764705,0.058823529411764705,0.058823529411764705,0.058823529411764705,0.058823529411764705,0.058823529411764705,0.058823529411764705,0.058823529411764705,0.0,0.058823529411764705,0.058823529411764705,0.0,0.058823529411764705,0.0,0.0,0.0,0.0,0.058823529411764705,0.0,0.058823529411764705,0.058823529411764705
2018-01-01,Partitioning Selection,0.08333333333333333,0.0,0.0,0.0,0.08333333333333333,0.0,0.08333333333333333,0.08333333333333333,0.0,0.0,0.08333333333333333,0.0,0.08333333333333333,0.0,0.08333333333333333,0.0,0.08333333333333333,0.08333333333333333,0.0,0.0,0.0,0.0,0.0,0.0,0.08333333333333333,0.0,0.08333333333333333,0.08333333333333333
2018-01-01,Density Selection,0.08333333333333333,0.0,0.0,0.0,0.08333333333333333,0.0,0.08333333333333333,0.08333333333333333,0.0,0.0,0.08333333333333333,0.08333333333333333,0.08333333333333333,0.0,0.08333333333333333,0.0,0.08333333333333333,0.08333333333333333,0.0,0.0,0.0,0.0,0.0,0.0,0.08333333333333333,0.0,0.0,0.08333333333333333
2019-01-01,Equal Weight,0.03703703703706651,0.03703703703706651,0.03703703703706651,0.03703703703706651,0.03703703703706651,0.03703703703706651,0.03703703703706651,0.03703703703706651,0.03703703703706651,0.03703703703706651,0.03703703703706651,0.03703703703706651,0.03703703703706651,0.03703703703706651,0.03703703703706651,0.03703703703706651,0.03703703703706651,0.03703703703706651,0.03703703703706651,0.03703703703706651,0.0,0.03703703703706651,0.03703703703706651,0.03703703703706651,0.03703703703706651,0.03703703703706651,0.03703703703706651,0.03703703703706651
2019-01-01,Max Sharpe,0.0,0.0,0.0,0.01761372784796948,0.0,0.0,0.10250134922647987,0.0,0.13134423848787768,0.0,0.03384016769326403,0.0,0.0,0.0,0.14397460755013972,0.022639143726843183,0.0,0.0,0.07242820837493501,0.0,0.0,0.0,0.054921918466001994,0.10690740478380024,0.12989342643242613,0.07840772959194868,0.0,0.10552807781812508
2019-01-01,Inverse Volatility,0.04128055838928928,0.036419872851445,0.039582515564787875,0.019001889691422618,0.024891567225397867,0.047614204084844326,0.03520461773647718,0.03976025727989337,0.0347027038463942,0.05108758316956701,0.045174391163567314,0.034597345138990133,0.03612895713313202,0.041433565618471245,0.04484080356712417,0.019579313613705525,0.04852801312192611,0.037064961029717326,0.04550741993711133,0.04121737172992844,0.0,0.04278377300029212,0.03269528153212887,0.02020947923962035,0.03216763001082167,0.032658028676203564,0.027811802376290273,0.04805609327186231
2019-01-01,Minimum Variance,0.06059359900080512,0.028410709645636315,0.0026528565184703303,0.012993047767723245,0.006530432210546978,0.05931647326860633,0.035313743835603505,2.8060611354750364e-14,0.09072664496213483,0.09153620064172996,0.0937641918997223,2.8060611354750364e-14,2.8061175327475822e-14,0.020265030237782037,0.020311372723229464,0.0011488591113035258,0.06248182861814816,2.8061023667889774e-14,0.07965566905662723,0.02781440702313433,0.0,0.06570921732217785,0.04133279796390199,0.03899305853855477,0.017263766908958582,0.010605289575395496,0.04077813091724785,0.09180267225320511
2019-01-01,Risk Parity,0.044476832706167486,0.035438046482263875,0.03481479734758076,0.026912641467475042,0.030889160892982888,0.04304769272901605,0.035116850671848054,0.029968380534537525,0.05333244578406602,0.04539675441988212,0.04675270746405523,0.026685745437817415,0.03203333801777041,0.0374130923831414,0.03491756895019151,0.025333939681851384,0.043185150233688956,0.031328160279564476,0.04500544307332969,0.0369027060229131,0.0,0.04216290247096873,0.03261063590679349,0.0363272113625563,0.031214024200946384,0.03110515369252375,0.0415447277747504,0.046083890010468496
2019-01-01,Maximum Diversification,0.0729552534454434,0.04444564783680534,0.018235291307914847,0.05337690615613515,0.045294011539154695,0.013131501037543477,0.04114442880517023,0.0,0.11855916538665344,0.018283565485520795,0.07343018588457137,0.0,0.019899249454233468,0.004030419105999273,0.0,0.04469037976074994,0.01598339869775844,0.0,0.049984226596985794,0.018521524865274884,0.0,0.0574658638331302,0.04607976324778208,0.06630510204101173,0.03018540053102271,0.016202338071915096,0.08767177704611015,0.044124599862140505
2019-01-01,Hierarchical Risk Parity,0.041260419587792016,0.029649187274753814,0.03826074075809905,0.018330470722604637,0.030445134410346412,0.04988068766843677,0.027765221071589536,0.024090555636609043,0.05917524171296689,0.06192094030389213,0.05635946727753852,0.019778703024732006,0.036048991112268065,0.038374308275050374,0.030640455588263282,0.019461439390714437,0.05587169514545244,0.0399714040299103,0.04556420543969347,0.038059445792616935,0.0,0.0627847115353912,0.02018229445001286,0.020763119181779515,0.017098199942516625,0.020136329421053995,0.04221020106493927,0.05591643018161217
2019-01-01,Eligible Universe Equal Weight,0.05,0.05,0.05,0.0,0.05,0.05,0.05,0.05,0.05,0.05,0.05,0.05,0.05,0.05,0.05,0.0,0.05,0.05,0.0,0.05,0.0,0.0,0.0,0.0,0.05,0.0,0.05,0.05
2019-01-01,Partitioning Selection,0.0,0.08333333333333333,0.0,0.0,0.08333333333333333,0.08333333333333333,0.0,0.08333333333333333,0.0,0.08333333333333333,0.08333333333333333,0.0,0.0,0.0,0.08333333333333333,0.0,0.08333333333333333,0.08333333333333333,0.0,0.0,0.0,0.0,0.0,0.0,0.08333333333333333,0.0,0.08333333333333333,0.08333333333333333
2019-01-01,Density Selection,0.0,0.08333333333333333,0.0,0.0,0.08333333333333333,0.08333333333333333,0.08333333333333333,0.08333333333333333,0.08333333333333333,0.0,0.08333333333333333,0.0,0.08333333333333333,0.0,0.08333333333333333,0.0,0.0,0.0,0.0,0.0,0.0,0.0,0.0,0.0,0.08333333333333333,0.0,0.08333333333333333,0.08333333333333333
2020-01-01,Equal Weight,0.0357142857142776,0.0357142857142776,0.0357142857142776,0.0357142857142776,0.0357142857142776,0.0357142857142776,0.0357142857142776,0.0357142857142776,0.0357142857142776,0.0357142857142776,0.0357142857142776,0.0357142857142776,0.0357142857142776,0.0357142857142776,0.0357142857142776,0.0357142857142776,0.0357142857142776,0.0357142857142776,0.0357142857142776,0.0357142857142776,0.0357142857142776,0.0357142857142776,0.0357142857142776,0.0357142857142776,0.0357142857142776,0.0357142857142776,0.0357142857142776,0.0357142857142776
2020-01-01,Max Sharpe,0.10121083573052421,6.522560269672795e-16,6.522560269672795e-16,0.06811819734640542,0.04258563594816499,0.036840749419216744,1.900432588270802e-15,1.312768461311341e-15,0.13734850679681165,2.048770992288759e-15,0.07687563803638259,6.522560269672795e-16,6.522560269672795e-16,6.522560269672795e-16,0.24999999999999933,0.029575186914869593,1.2086245566113059e-15,6.522560269672795e-16,0.0800349439844478,1.3614576113492887e-15,6.522560269672795e-16,1.5457209513447862e-15,0.0263842215247856,0.053399746242656865,0.06288898678497669,2.23056224314871e-15,2.1060903015634373e-15,0.03473735127077144
2020-01-01,Inverse Volatility,0.039572638795689785,0.03329812235221648,0.03618917785986083,0.019138546931077187,0.024757420130567934,0.05132034512947117,0.03387899148433335,0.0385853336553917,0.03338215004109364,0.0503577859775727,0.04677401295724694,0.032906331372051775,0.033520717241133376,0.03699871033033063,0.04468555311155443,0.028551078592674407,0.04895195256009957,0.03427912318747691,0.04710329629477262,0.04373276335508519,0.016042817629751828,0.03942634800831924,0.03128103041499106,0.02177803177854009,0.031518652817602265,0.02678302792286113,0.027640518747841805,0.04754552132035857
2020-01-01,Minimum Variance,0.039156279425145275,0.004033913718439316,0.00010334839908023907,0.014105582064723926,0.0,0.11371759463988579,0.042980040079170806,0.011372969809944787,0.09199641050248465,0.08159283763926545,0.1014561853813762,0.0,0.0,0.03860739577963037,0.0,0.018580739727096854,0.044500495930731444,0.0,0.08534137795077804,0.054673600176814066,0.0,0.06055078492195846,0.0228584050834891,0.0,0.04102511223143554,0.0,0.05348495083055353,0.07986197570725834
2020-01-01,Risk Parity,0.03992357869374185,0.030808490647831473,0.031633619998796866,0.02697789934274516,0.026562772966842556,0.04954004116405446,0.03733607999594794,0.032355723045181674,0.05335545209715433,0.04448374248638355,0.0484514061404247,0.024921897955276277,0.026878255273763915,0.03645238275548381,0.03267496265056992,0.029647842314487277,0.04239336727057303,0.03084737815617608,0.04742302775067195,0.0413459548928214,0.019377983109471284,0.039716226512991,0.029916357001772788,0.025652044392305402,0.035611621620285125,0.02721182569152731,0.041707382436866704,0.04679268363548819
2020-01-01,Maximum Diversification,0.04461028505456129,0.014680574723208268,0.008443267801957725,0.04987434898689818,0.03357002367122188,0.04482193177951998,0.04847851198775106,0.003323093971720593,0.11272880528722576,0.016997320190464203,0.08417065203391223,0.0,0.0,0.04061470703469165,0.0,0.04532529037953981,0.0004368967670430272,0.010662585443490316,0.046508435352023675,0.026443402436758193,0.02913161742069976,0.057383426789016714,0.03504517455736042,0.025152047958485454,0.06526678983842962,0.018873158805033777,0.09520516607060937,0.04225248565830228
2020-01-01,Hierarchical Risk Parity,0.038868551598520616,0.021364747305726153,0.02942300764574233,0.01677444265067396,0.02481279465737484,0.06537135274707603,0.028926792276012393,0.025720405883178234,0.05077349182400125,0.06015637159653849,0.051578854670252645,0.02713033945125449,0.025243887491946976,0.0263773670722111,0.03449590741387152,0.02090759301195225,0.05684449551309217,0.03331229064193921,0.06671236519171415,0.04820068050686134,0.010419003918182656,0.06477263173319993,0.022091820216023725,0.019763128538697123,0.025479698889304157,0.01619529068223808,0.034988276922979754,0.05329440995024191
2020-01-01,Eligible Universe Equal Weight,0.043478260869565216,0.043478260869565216,0.043478260869565216,0.0,0.043478260869565216,0.043478260869565216,0.043478260869565216,0.043478260869565216,0.043478260869565216,0.043478260869565216,0.043478260869565216,0.043478260869565216,0.043478260869565216,0.043478260869565216,0.043478260869565216,0.0,0.043478260869565216,0.043478260869565216,0.0,0.043478260869565216,0.043478260869565216,0.043478260869565216,0.0,0.043478260869565216,0.043478260869565216,0.0,0.043478260869565216,0.043478260869565216
2020-01-01,Partitioning Selection,0.0,0.08333333333333333,0.0,0.0,0.08333333333333333,0.0,0.08333333333333333,0.08333333333333333,0.0,0.08333333333333333,0.0,0.0,0.08333333333333333,0.0,0.08333333333333333,0.0,0.08333333333333333,0.08333333333333333,0.0,0.08333333333333333,0.0,0.0,0.0,0.0,0.0,0.0,0.08333333333333333,0.08333333333333333
2020-01-01,Density Selection,0.0,0.0,0.0,0.0,0.08333333333333333,0.08333333333333333,0.08333333333333333,0.08333333333333333,0.08333333333333333,0.08333333333333333,0.08333333333333333,0.0,0.0,0.0,0.08333333333333333,0.0,0.08333333333333333,0.0,0.0,0.0,0.0,0.0,0.0,0.08333333333333333,0.0,0.0,0.08333333333333333,0.08333333333333333
2021-01-01,Equal Weight,0.0357142857142776,0.0357142857142776,0.0357142857142776,0.0357142857142776,0.0357142857142776,0.0357142857142776,0.0357142857142776,0.0357142857142776,0.0357142857142776,0.0357142857142776,0.0357142857142776,0.0357142857142776,0.0357142857142776,0.0357142857142776,0.0357142857142776,0.0357142857142776,0.0357142857142776,0.0357142857142776,0.0357142857142776,0.0357142857142776,0.0357142857142776,0.0357142857142776,0.0357142857142776,0.0357142857142776,0.0357142857142776,0.0357142857142776,0.0357142857142776,0.0357142857142776
2021-01-01,Max Sharpe,0.016882525711229803,9.71445146547012e-17,6.109630829906235e-16,0.15494431744163778,0.0588955422096303,1.6925363908595601e-16,0.014048749986743275,9.71445146547012e-17,0.13291588809250737,9.71445146547012e-17,9.71445146547012e-17,9.71445146547012e-17,9.71445146547012e-17,5.849131943537153e-16,0.2499999999999999,0.1045036200759788,9.71445146547012e-17,4.255943065916745e-16,9.71445146547012e-17,4.347214715238516e-16,0.003647931244333307,9.71445146547012e-17,0.05924737163001244,0.10951070518013943,0.09540334842779004,9.71445146547012e-17,3.0505892271733874e-16,9.71445146547012e-17
2021-01-01,Inverse Volatility,0.0397772377707731,0.03647471828242827,0.03144488890942675,0.022999784330873078,0.027160951496183715,0.04513384474417189,0.035289454266738636,0.04217098846499924,0.039444726241805964,0.044423026112182885,0.045392391316327635,0.034187902848483456,0.03707473140636242,0.03959878189097854,0.044987465284825515,0.03352912090593394,0.04734775676807794,0.03596756699475291,0.04340352557640191,0.03061963548620227,0.016937422687649115,0.032100165614792564,0.03696603390391649,0.023228046003604945,0.03422857338865905,0.03091740992908306,0.032790817310756226,0.03640303206408207
2021-01-01,Minimum Variance,0.015755860641174884,0.0346461437536163,0.0,0.03753249750946175,0.0,0.058451000054432184,0.0732988006127349,0.031497028871273244,0.15474798970714312,0.005357571603019429,0.08556205557666212,0.0,0.0,0.02601545386261244,0.017225090597629823,0.09325226652791639,0.07406599737664102,0.0,0.03198215808586252,0.0,0.0,0.0,0.09874476365259972,0.0,0.059312056017235056,0.0,0.10255326554992482,0.0
2021-01-01,Risk Parity,0.03506171146258384,0.036067021887552925,0.02737092536203388,0.04201040593735176,0.026360638739105796,0.036084956698746326,0.044639649679719964,0.03704744770749207,0.0535843329455492,0.0345958046535141,0.03823529205581493,0.029685064597398614,0.031225533920197945,0.036049371374491414,0.03799612354559587,0.05035298040872502,0.039107172396831404,0.03292806231222739,0.03731831875930581,0.023319844043526376,0.02162527774595875,0.024111249887877155,0.044373404266430466,0.030390868544298413,0.04168501010336174,0.03469104328585873,0.046730365039256296,0.027352122639513636
2021-01-01,Maximum Diversification,0.027402598852737877,0.04773095650666245,2.645418973887239e-14,0.08639380643570597,0.021218675807754564,2.6505972785653155e-14,0.08295412128129277,0.006731156109805164,0.14050016915658084,2.645873943115667e-14,0.022977249103642513,2.6500848102831808e-14,2.648486303906097e-14,0.009791982332474483,2.6500855535995904e-14,0.10141242142519358,2.644492240944054e-14,0.02693851674679179,2.6444728823467368e-14,2.649769880900814e-14,0.047860316944551895,2.6456582735574356e-14,0.08613699091665848,0.05300458215384747,0.08309459215234949,0.020040088854568608,0.13581177521983165,2.6486648816149377e-14
2021-01-01,Hierarchical Risk Parity,0.032130797604792226,0.03084987642743045,0.021133049617774267,0.029794854746810203,0.02621705151125486,0.0523869163856779,0.0612546055864403,0.03802870780735771,0.08666754301819982,0.032634461461947206,0.03333917388125983,0.024993606580224852,0.03103803524324969,0.03636077988523762,0.04570053078710122,0.06262142209135521,0.037073107211239534,0.027649301585503255,0.03825623964486715,0.012954398702399634,0.014110536126160813,0.016672597102696755,0.04187653019618884,0.025134324522258306,0.0359039782287964,0.03681794583292714,0.0500894596156423,0.01831016859471069
2021-01-01,Eligible Universe Equal Weight,0.043478260869565216,0.043478260869565216,0.043478260869565216,0.0,0.043478260869565216,0.043478260869565216,0.043478260869565216,0.043478260869565216,0.043478260869565216,0.043478260869565216,0.043478260869565216,0.043478260869565216,0.043478260869565216,0.043478260869565216,0.043478260869565216,0.0,0.043478260869565216,0.043478260869565216,0.0,0.043478260869565216,0.043478260869565216,0.043478260869565216,0.0,0.043478260869565216,0.043478260869565216,0.0,0.043478260869565216,0.043478260869565216
2021-01-01,Partitioning Selection,0.08333333333333333,0.08333333333333333,0.0,0.0,0.08333333333333333,0.08333333333333333,0.0,0.08333333333333333,0.0,0.0,0.0,0.08333333333333333,0.0,0.0,0.08333333333333333,0.0,0.08333333333333333,0.08333333333333333,0.0,0.0,0.0,0.0,0.0,0.0,0.08333333333333333,0.0,0.08333333333333333,0.08333333333333333
2021-01-01,Density Selection,0.0,0.0,0.0,0.0,0.08333333333333333,0.0,0.08333333333333333,0.08333333333333333,0.0,0.0,0.0,0.08333333333333333,0.08333333333333333,0.0,0.08333333333333333,0.0,0.08333333333333333,0.08333333333333333,0.0,0.0,0.08333333333333333,0.0,0.0,0.0,0.08333333333333333,0.0,0.08333333333333333,0.08333333333333333
2022-01-01,Equal Weight,0.0357142857142776,0.0357142857142776,0.0357142857142776,0.0357142857142776,0.0357142857142776,0.0357142857142776,0.0357142857142776,0.0357142857142776,0.0357142857142776,0.0357142857142776,0.0357142857142776,0.0357142857142776,0.0357142857142776,0.0357142857142776,0.0357142857142776,0.0357142857142776,0.0357142857142776,0.0357142857142776,0.0357142857142776,0.0357142857142776,0.0357142857142776,0.0357142857142776,0.0357142857142776,0.0357142857142776,0.0357142857142776,0.0357142857142776,0.0357142857142776,0.0357142857142776
2022-01-01,Max Sharpe,3.3306690738754696e-16,1.1577253369278246e-15,5.100390723461138e-16,0.12350719809579978,0.05557134546247717,3.3306690738754696e-16,0.09852586294359131,0.10447920287160084,0.16469987116167178,7.40190596772796e-16,0.0015145079847411272,4.890730433856626e-16,9.444996119620708e-16,9.301372141407341e-16,0.24999999999999967,0.034522224709266455,3.6417390859446636e-16,1.1098994703705852e-15,0.035654007321212204,1.0933320289988915e-15,3.3306690738754696e-16,3.3306690738754696e-16,3.3306690738754696e-16,0.08424213110389728,0.04728364834574384,3.812735718164632e-16,3.3306690738754696e-16,3.3306690738754696e-16
2022-01-01,Inverse Volatility,0.040208207151265454,0.03715611129690713,0.03160794479333755,0.0224725361013827,0.027034345957096324,0.046063381691937265,0.035306881806712195,0.04066437265344823,0.040596697334658864,0.04527685242997482,0.04675200878501425,0.03361339439245972,0.037410311906439814,0.03907819848809974,0.04467678539878267,0.033157947173482485,0.04836735059172082,0.03722760514312371,0.04409537365370792,0.031089018413467683,0.016183841036919024,0.03242425687871085,0.03427323129361098,0.022341500383062655,0.033173846431054296,0.029859644574402273,0.032536582160646,0.03735177207768546
2022-01-01,Minimum Variance,0.012954533517060019,0.02997207194131524,1.594480066682758e-14,0.03560016156552471,1.5952248211886815e-14,0.06513134390247122,0.07922535380985392,0.020669161015345994,0.1552491480383135,0.008162915245589458,0.08907202781497608,1.594480066682758e-14,1.5947311389581958e-14,0.02408956191443177,0.03563954412371715,0.0845398206391694,0.09349969422395774,1.594480066682758e-14,0.04240030056281308,1.594480066682758e-14,1.5945355003064716e-14,1.5950245927444768e-14,0.07836318155070429,1.5947761226070477e-14,0.05160463759456082,1.594480066682758e-14,0.09382654254046661,1.594480066682758e-14
2022-01-01,Risk Parity,0.035622867788736655,0.0365305313322675,0.02822847725023096,0.040056865028453424,0.02624380583316355,0.03725991919577208,0.04424995228115492,0.0360088945499961,0.05388393654614578,0.03593331052896413,0.03879883932405977,0.029545640182188186,0.03140302044468027,0.03623032519452015,0.03873293093600033,0.047686523071725904,0.041135496716259885,0.03418030895911073,0.03814800688774418,0.02410828932648397,0.020595158589980702,0.02428658433482448,0.04234718778919326,0.02985881664395524,0.040640761706958184,0.034045447465362,0.04585480794503044,0.028383294147121436
2022-01-01,Maximum Diversification,0.0217344123975821,0.04281070488646717,0.010831357473362589,0.08574377394638115,0.017857937054776327,0.0,0.09076198870519135,0.008927021215424507,0.14145475133108532,0.0,0.008444331167785753,0.0,0.0,0.006733931295440115,0.0,0.09295675196623497,0.022560595874245613,0.02996949231461077,0.0,0.0,0.049169863316192546,0.0,0.07889526727190019,0.053206493524068435,0.07942342611748386,0.025784551867159826,0.1327333482738794,0.0
2022-01-01,Hierarchical Risk Parity,0.032485751332839534,0.0281865246086581,0.021316149722016883,0.02683069106656511,0.01816231608135473,0.05533396413142461,0.05138183204636545,0.03548167574973918,0.08555608495994475,0.03393104189456927,0.03551196960498276,0.024243801073178268,0.04441888498995691,0.031178131863768922,0.049602472991601886,0.057074848322088714,0.0387212471978324,0.0295696676676453,0.039070552466369875,0.013572072235720397,0.00949830076177695,0.01708103849344556,0.04259835347501014,0.02057384809315325,0.052740820918641566,0.035553052502976266,0.050733997802317056,0.01959090794569281
2022-01-01,Eligible Universe Equal Weight,0.043478260869565216,0.043478260869565216,0.043478260869565216,0.0,0.043478260869565216,0.043478260869565216,0.043478260869565216,0.043478260869565216,0.043478260869565216,0.043478260869565216,0.043478260869565216,0.043478260869565216,0.043478260869565216,0.043478260869565216,0.043478260869565216,0.0,0.043478260869565216,0.043478260869565216,0.0,0.043478260869565216,0.043478260869565216,0.043478260869565216,0.0,0.043478260869565216,0.043478260869565216,0.0,0.043478260869565216,0.043478260869565216
2022-01-01,Partitioning Selection,0.0,0.08333333333333333,0.0,0.0,0.08333333333333333,0.08333333333333333,0.08333333333333333,0.08333333333333333,0.0,0.0,0.0,0.0,0.08333333333333333,0.08333333333333333,0.08333333333333333,0.0,0.0,0.08333333333333333,0.0,0.0,0.08333333333333333,0.0,0.0,0.08333333333333333,0.0,0.0,0.08333333333333333,0.0
2022-01-01,Density Selection,0.0,0.0,0.0,0.0,0.08333333333333333,0.0,0.08333333333333333,0.08333333333333333,0.08333333333333333,0.0,0.08333333333333333,0.08333333333333333,0.08333333333333333,0.0,0.08333333333333333,0.0,0.08333333333333333,0.08333333333333333,0.0,0.0,0.0,0.0,0.0,0.08333333333333333,0.0,0.0,0.08333333333333333,0.0
2023-01-01,Equal Weight,0.0357142857142776,0.0357142857142776,0.0357142857142776,0.0357142857142776,0.0357142857142776,0.0357142857142776,0.0357142857142776,0.0357142857142776,0.0357142857142776,0.0357142857142776,0.0357142857142776,0.0357142857142776,0.0357142857142776,0.0357142857142776,0.0357142857142776,0.0357142857142776,0.0357142857142776,0.0357142857142776,0.0357142857142776,0.0357142857142776,0.0357142857142776,0.0357142857142776,0.0357142857142776,0.0357142857142776,0.0357142857142776,0.0357142857142776,0.0357142857142776,0.0357142857142776
2023-01-01,Max Sharpe,3.558066942087108e-16,3.4210421698440077e-16,0.0,0.22124548133847025,0.06482824160841379,0.0,0.0037149147802804684,0.0,0.24538493345928172,0.0,0.11069352387704402,0.0,2.0370389665481803e-16,0.0,0.25,0.05649043164119366,0.0,0.0,1.6448553896912116e-16,5.842318234718375e-17,0.0,0.0,2.9338662223090967e-16,0.04764247329531832,0.0,0.0,2.3166809086175533e-16,0.0
2023-01-01,Inverse Volatility,0.04064041833130632,0.038182614605750294,0.03233155063529659,0.023325959316795875,0.02746701624343881,0.04563598993257867,0.03539381312957341,0.03810800195353689,0.04244858602753495,0.046246247315456734,0.04777842001292493,0.0287545735570289,0.03818190971037552,0.040124113568028905,0.04244344369018618,0.03523135325532305,0.04979976982663396,0.0375766318378735,0.0433368869071793,0.03256687981177034,0.015093689920808317,0.03389691203240712,0.03062449113735027,0.022774911576252287,0.03181727446267206,0.02763922014659422,0.03349183293044529,0.039087488125098
2023-01-01,Minimum Variance,2.66919277892009e-14,0.029837442803771503,2.6687042668280323e-14,0.03169845576940932,2.6687042668280323e-14,0.03885124377942263,0.06654853389217237,0.01207072487685924,0.17169372688339427,2.6687870171539454e-14,0.0983290501158172,2.6687196990963697e-14,2.6687042668280323e-14,0.06096935042142859,0.008348522984352076,0.11348393003894817,0.109448570850624,2.6687042668280323e-14,0.02431899651722528,2.6687042668280323e-14,2.6687042668280323e-14,2.669245963840469e-14,0.07658424209310778,2.6687042668280323e-14,0.05172984671298276,0.009380339329029347,0.09670702293188257,2.669273272913734e-14
2023-01-01,Risk Parity,0.035096111897328176,0.03767081701327073,0.028912433796781323,0.03876883238689756,0.026245268494825173,0.03537064986947504,0.04176905210052622,0.03363033462041247,0.05331044040328458,0.03632206964118267,0.039068665096065144,0.028309778170107366,0.03249916941935631,0.039812920970140775,0.035517180505894246,0.052493133686404375,0.04159040197027591,0.033380245696070475,0.035757141262871585,0.0269351838870584,0.01860119058091494,0.025866519182842666,0.040800017565459666,0.029420485490603398,0.03986080684875908,0.03505334970888511,0.04763065676513877,0.030307142969867577
2023-01-01,Maximum Diversification,1.9358686212138707e-14,0.02451983211661375,0.003574364559560183,0.08047007589505399,0.019469857204593086,1.9349841066668387e-14,0.07741614818036407,1.9352037287907198e-14,0.13819270099291342,1.9349841066668387e-14,1.9349841066668387e-14,0.012257034408510625,1.9349841066668387e-14,0.06527359794734537,1.9351897803069587e-14,0.10437560082729334,0.013138473872039818,1.9349841066668387e-14,1.9501560951736315e-14,1.9349841066668387e-14,0.04473325969094442,1.94348348281011e-14,0.08871214963948726,0.04425065455296573,0.08178534172696279,0.05246465253555447,0.14936625585010715,1.9349841066668387e-14
2023-01-01,Hierarchical Risk Parity,0.0297211361931182,0.027680401384175376,0.020743206758018207,0.027586989687169428,0.016989913619291672,0.04132737104140341,0.05711583720254999,0.02993195015871254,0.0844177986620456,0.04007256993548826,0.04048231557911118,0.017041841358734152,0.04203305940106361,0.02702052330436868,0.040568544752534505,0.05202693892408444,0.04708642588340425,0.02369837422730727,0.03379593683840287,0.03088762745592694,0.011485065507441357,0.0203761463291022,0.04276018761803091,0.02430082205340474,0.05365401062708113,0.03201999018603946,0.056548418227789034,0.028626597083247537
2023-01-01,Eligible Universe Equal Weight,0.043478260869565216,0.043478260869565216,0.043478260869565216,0.0,0.043478260869565216,0.043478260869565216,0.043478260869565216,0.043478260869565216,0.043478260869565216,0.043478260869565216,0.043478260869565216,0.043478260869565216,0.043478260869565216,0.043478260869565216,0.043478260869565216,0.0,0.043478260869565216,0.043478260869565216,0.0,0.043478260869565216,0.043478260869565216,0.043478260869565216,0.0,0.043478260869565216,0.043478260869565216,0.0,0.043478260869565216,0.043478260869565216
2023-01-01,Partitioning Selection,0.08333333333333333,0.0,0.0,0.0,0.08333333333333333,0.0,0.0,0.0,0.0,0.08333333333333333,0.0,0.08333333333333333,0.0,0.08333333333333333,0.08333333333333333,0.0,0.08333333333333333,0.08333333333333333,0.0,0.08333333333333333,0.0,0.08333333333333333,0.0,0.08333333333333333,0.0,0.0,0.08333333333333333,0.0
2023-01-01,Density Selection,0.0,0.08333333333333333,0.0,0.0,0.08333333333333333,0.0,0.0,0.0,0.0,0.08333333333333333,0.08333333333333333,0.0,0.08333333333333333,0.08333333333333333,0.08333333333333333,0.0,0.08333333333333333,0.08333333333333333,0.0,0.08333333333333333,0.0,0.0,0.0,0.08333333333333333,0.0,0.0,0.08333333333333333,0.0
2024-01-01,Equal Weight,0.0357142857142776,0.0357142857142776,0.0357142857142776,0.0357142857142776,0.0357142857142776,0.0357142857142776,0.0357142857142776,0.0357142857142776,0.0357142857142776,0.0357142857142776,0.0357142857142776,0.0357142857142776,0.0357142857142776,0.0357142857142776,0.0357142857142776,0.0357142857142776,0.0357142857142776,0.0357142857142776,0.0357142857142776,0.0357142857142776,0.0357142857142776,0.0357142857142776,0.0357142857142776,0.0357142857142776,0.0357142857142776,0.0357142857142776,0.0357142857142776,0.0357142857142776
2024-01-01,Max Sharpe,1.9291023689300658e-16,4.163336342344337e-17,4.163336342344337e-17,0.18019123269082177,0.12438133127360078,2.0316360658116437e-16,4.163336342344337e-17,0.008820607330406932,0.1741159764756327,4.163336342344337e-17,0.08162390301777493,4.163336342344337e-17,4.163336342344337e-17,3.786553481052825e-16,0.24999999999999994,0.07957927101440922,1.6263414442469004e-16,4.163336342344337e-17,4.163336342344337e-17,4.163336342344337e-17,1.802232172357397e-16,1.858269138986065e-16,4.163336342344337e-17,0.059610777139601945,0.031069396368988093,2.1975013712598305e-16,0.010607504688763572,2.444569416464051e-16
2024-01-01,Inverse Volatility,0.040345978921397734,0.03847167949824254,0.03277187234980167,0.023747657253610634,0.027656694577861157,0.04482911490724285,0.034131496596775855,0.03622194702725782,0.0428765470449396,0.04744578214624075,0.048450145724973026,0.02757721452463493,0.03812864372588887,0.04091801182658869,0.041762283913783775,0.035904737759431836,0.05048994017051444,0.03831991064395186,0.04235634734711697,0.033147499830610654,0.015184303149818031,0.03451160503091233,0.02947400537653154,0.023053291654906587,0.03217351089428107,0.026485433021611656,0.033809347284717545,0.039754997797105944
2024-01-01,Minimum Variance,6.118302785617189e-15,0.03019419625878832,6.120234116396686e-15,0.02996306476173308,6.116919742258811e-15,0.03386194740574496,0.04075819087623837,0.01122835236115141,0.17742704680171809,0.015876903665637113,0.0896343269613054,6.1210910400054045e-15,6.116919742258811e-15,0.07308597179225591,0.024448636641779604,0.1207554800381792,0.11633806422498379,6.122468801814335e-15,0.023048323057251203,6.116919742258811e-15,6.116919742258811e-15,6.116919742258811e-15,0.06237091215987253,6.116919742258811e-15,0.0545358455198786,0.007493802739264881,0.08897893473432164,6.116919742258811e-15
2024-01-01,Risk Parity,0.03432524952707468,0.03829567623032052,0.02920068909150745,0.03817359582620179,0.026819178707548224,0.03561085758564744,0.03871638046942169,0.0335510973694256,0.054560334645777406,0.037896032844007235,0.03913411544636279,0.027871466491169325,0.03239735557847944,0.04094667877960236,0.03593123666127234,0.05189153175337326,0.042543702871771824,0.034283129880294694,0.03559613835954217,0.027451295651890084,0.018745296189947167,0.02683873254973768,0.038798914945618164,0.030061579243504843,0.03971812469951971,0.03414146087281517,0.04586399756436109,0.030636150163449394
2024-01-01,Maximum Diversification,0.0,0.029307841682894093,0.0,0.0799306690652134,0.025576754695171146,0.0,0.05705562645266532,0.003988726353823612,0.14820151009710786,0.0,0.0,0.014676189600630813,0.0,0.06672364115472307,0.0,0.10227037614748169,0.02104151653725399,0.0,0.0,0.0,0.04393572541346289,0.0,0.08250469724444387,0.05018931108845243,0.07579876801854098,0.06107298693677617,0.1377256595105733,0.0
2024-01-01,Hierarchical Risk Parity,0.029637794570436252,0.029139157619494607,0.02174299540151458,0.029420914309379383,0.017463629060336244,0.04068526917221545,0.04971370063480567,0.02731609170090309,0.09246232769928289,0.059730531868650405,0.04182320009718083,0.01583345801638211,0.042993830886900904,0.028908448401921402,0.03982010802069045,0.05620051204449836,0.04641465011840506,0.02535389636625318,0.031964218204289525,0.01686211428717266,0.011596179981224858,0.02344903719682749,0.04344806292547842,0.026580184513411296,0.047824464863657073,0.03058094557807983,0.048779686229019605,0.024254590231380626
2024-01-01,Eligible Universe Equal Weight,0.043478260869565216,0.043478260869565216,0.043478260869565216,0.0,0.043478260869565216,0.043478260869565216,0.043478260869565216,0.043478260869565216,0.043478260869565216,0.043478260869565216,0.043478260869565216,0.043478260869565216,0.043478260869565216,0.043478260869565216,0.043478260869565216,0.0,0.043478260869565216,0.043478260869565216,0.0,0.043478260869565216,0.043478260869565216,0.043478260869565216,0.0,0.043478260869565216,0.043478260869565216,0.0,0.043478260869565216,0.043478260869565216
2024-01-01,Partitioning Selection,0.0,0.0,0.08333333333333333,0.0,0.08333333333333333,0.0,0.08333333333333333,0.0,0.08333333333333333,0.0,0.0,0.08333333333333333,0.08333333333333333,0.0,0.0,0.0,0.0,0.08333333333333333,0.0,0.0,0.08333333333333333,0.08333333333333333,0.0,0.0,0.08333333333333333,0.0,0.08333333333333333,0.08333333333333333
2024-01-01,Density Selection,0.0,0.08333333333333333,0.08333333333333333,0.0,0.08333333333333333,0.0,0.0,0.0,0.0,0.08333333333333333,0.08333333333333333,0.08333333333333333,0.08333333333333333,0.08333333333333333,0.08333333333333333,0.0,0.0,0.08333333333333333,0.0,0.08333333333333333,0.0,0.0,0.0,0.0,0.0,0.0,0.08333333333333333,0.0
2025-01-01,Equal Weight,0.0357142857142776,0.0357142857142776,0.0357142857142776,0.0357142857142776,0.0357142857142776,0.0357142857142776,0.0357142857142776,0.0357142857142776,0.0357142857142776,0.0357142857142776,0.0357142857142776,0.0357142857142776,0.0357142857142776,0.0357142857142776,0.0357142857142776,0.0357142857142776,0.0357142857142776,0.0357142857142776,0.0357142857142776,0.0357142857142776,0.0357142857142776,0.0357142857142776,0.0357142857142776,0.0357142857142776,0.0357142857142776,0.0357142857142776,0.0357142857142776,0.0357142857142776
2025-01-01,Max Sharpe,1.4373702635546887e-16,1.7336252815331664e-16,0.0,0.18392755401658759,0.1433443967746378,0.0,1.7288156352002999e-16,0.08243530472679356,0.1259271251656728,1.3333553904610032e-16,0.008603230437224456,1.384615725302186e-16,2.266190555814656e-16,0.0,0.25,0.05376871556059084,3.135768477679334e-16,1.9958112670899125e-16,0.0,0.0,0.0,0.0,2.9668942785175446e-16,0.14457754088845917,0.007416132430033942,0.0,2.321136124873993e-16,1.8542107303379522e-16
2025-01-01,Inverse Volatility,0.03967499759589051,0.03937869788727298,0.03332239644689672,0.02395994540539768,0.028032677725669343,0.044031980806379,0.03371942547216411,0.03573922010887318,0.04337772511189092,0.04834514584293396,0.04802056546201956,0.02727029081033575,0.03812704418094679,0.041491096031303694,0.04192222248560475,0.035039902777162756,0.050829525724553376,0.03900500309163859,0.04090627642323415,0.03403846963831925,0.014909800282523653,0.03542699164382881,0.029331945647089002,0.023074793075341795,0.03269309908038685,0.02435727359957159,0.033527051349402426,0.0404464362926918
2025-01-01,Minimum Variance,0.0,0.03837941281733532,0.0,0.02855371138613862,0.0,0.02404068977924436,0.03687801197049223,0.014682859780002194,0.17439145940414397,0.025788199747855622,0.0892174871126391,0.0,0.0,0.08089039619270895,0.047062515010254616,0.10629981987541583,0.1144115285732118,0.0,0.007959483291905373,0.0,0.0,0.0,0.05938812866609139,3.944085536104287e-05,0.052036979678983956,0.018404661137196958,0.08157521472057765,0.0
2025-01-01,Risk Parity,0.03432827902269026,0.03919825815597137,0.029471788891358784,0.037365237567529234,0.027358926684316904,0.034868320287143297,0.03789351083886168,0.034198764715283075,0.054064285516557474,0.03850229128548245,0.03942250864472813,0.02858018633497013,0.03270792616650559,0.04151777364436529,0.036654469444399956,0.048746403116540465,0.04308931111316469,0.03546558675544838,0.03443978842633526,0.027919207558071823,0.0182866278396071,0.027404417662374607,0.037869435278404716,0.030231568508202977,0.03987158137205306,0.03476361610782379,0.044525773419352835,0.031254155642913235
2025-01-01,Maximum Diversification,0.0012714652136722902,0.03770705278907511,0.0008874289454237458,0.07866496091800516,0.031295445051407106,2.6574223634624926e-14,0.05337552013664538,0.014704239799267606,0.14706256251802027,2.659352383475453e-14,2.6579559273074312e-14,0.02929716564662721,2.6582513157995947e-14,0.05554761499651388,2.658914136460052e-14,0.08850571314601532,0.03637388308954666,0.001263141726942499,2.6578580642245892e-14,2.6590620371648407e-14,0.0365241721649361,2.6612559844371545e-14,0.07309298866656347,0.0510993327917194,0.06357721303513922,0.07250398944498812,0.12724610991999624,2.657774897874927e-14
2025-01-01,Hierarchical Risk Parity,0.0424417958600369,0.03508626773125738,0.02512389236172921,0.028717916336009276,0.020405591446587514,0.03591966830164758,0.051384949995855085,0.031505825257945715,0.09178776222690972,0.042440857713427156,0.038408823533651056,0.018343417721564854,0.04451988065226979,0.033640158849961764,0.04563610972155026,0.05235446478082232,0.04303368933120782,0.029729585662923434,0.031001004721206746,0.01784242411266548,0.009637369468555155,0.022790137876662998,0.03744640681819893,0.02317416198677487,0.046336906662799465,0.025297947568767833,0.05080030559635789,0.025192677702783165
2025-01-01,Eligible Universe Equal Weight,0.043478260869565216,0.043478260869565216,0.043478260869565216,0.0,0.043478260869565216,0.043478260869565216,0.043478260869565216,0.043478260869565216,0.043478260869565216,0.043478260869565216,0.043478260869565216,0.043478260869565216,0.043478260869565216,0.043478260869565216,0.043478260869565216,0.0,0.043478260869565216,0.043478260869565216,0.0,0.043478260869565216,0.043478260869565216,0.043478260869565216,0.0,0.043478260869565216,0.043478260869565216,0.0,0.043478260869565216,0.043478260869565216
2025-01-01,Partitioning Selection,0.0,0.0,0.08333333333333333,0.0,0.0,0.0,0.08333333333333333,0.0,0.08333333333333333,0.0,0.08333333333333333,0.08333333333333333,0.0,0.08333333333333333,0.08333333333333333,0.0,0.08333333333333333,0.0,0.0,0.08333333333333333,0.0,0.0,0.0,0.08333333333333333,0.08333333333333333,0.0,0.08333333333333333,0.0
2025-01-01,Density Selection,0.0,0.0,0.08333333333333333,0.0,0.08333333333333333,0.0,0.08333333333333333,0.08333333333333333,0.0,0.0,0.08333333333333333,0.08333333333333333,0.0,0.08333333333333333,0.08333333333333333,0.0,0.0,0.08333333333333333,0.0,0.08333333333333333,0.0,0.0,0.0,0.08333333333333333,0.0,0.0,0.08333333333333333,0.0
