Date,BF-B,BTI,BUD,CCOEY,CELH,CMG,DEO,DPZ,EA,GOOGL,KDP,KO,MCD,META,MNST,MO,MSFT,NCBDY,NTDOY,PEP,PM,PRNDY,QSR,SNAP,STZ,TCEHY,TPB,TTWO,UVV,YUM
2016-02-01,0.006418805068820727,-0.021580732518570435,-0.12098644526332314,-0.11583184488580532,-0.12024954411163866,0.11693644296334234,-0.03569921314596052,0.1550657174515268,-0.004736411292899985,-0.05971066479539234,-0.024923781818519765,0.004881140658976711,-0.0471620800770952,-0.04829122346305158,-0.07319111931815,0.007499126355914058,-0.07234442055174214,,-0.010297593349437873,-0.015016537524959165,0.011268398220142358,-0.09950009515626092,0.04313010909332173,,-0.07311703206562338,-0.021030725403247234,,0.036501459788429565,-0.004578363922822171,0.0013803635566331644
2016-03-01,0.003474723952473682,0.09857959123912019,0.11156540364084346,0.15748685775978985,0.19611486531792452,-0.07796787690296124,0.050088625966524414,-0.006048379993367288,0.028694122549357635,0.06174429142421682,-0.01755268358500661,0.08063324170323431,0.06994247845983845,0.06499432430030073,0.06089635724817709,0.026557769406676826,0.08203677176428514,,0.02049022619264998,0.05365803915603246,0.08530000956637193,0.04244192977755393,0.10613328992037173,,0.06607096096993513,0.10786424971285963,,0.045622804368208,0.0418785851468032,0.12171610649710227
2016-04-01,-0.022076028192816562,0.04384565594211008,0.013925093154798295,0.0,0.11218688764605995,-0.1122328227714481,0.004255467441662896,-0.0869424631930992,-0.0666082278380524,-0.0748523039139551,0.016525674248454376,-0.03487579213076206,0.00642402447640733,0.030043704160516695,0.07813774334078498,0.0007972692692377844,-0.10208658062368116,,-0.03964902575972307,0.004673036072692678,0.00010176207931738444,-0.027010248511052815,0.10803517555856633,,0.03236473806725023,-0.006872938749775987,,-0.0972232864802442,-0.03114986025614296,-0.022755059894830232
2016-05-01,0.018005453338108504,-0.004102028588438005,0.016294326340702256,-0.06982592809345746,0.012170518845419904,0.048657784699185816,0.007357730845074051,0.0,0.21584151646519537,0.05626419841174193,0.005375542568468192,-0.004473930250309207,-0.035650309666912385,0.010406552282264317,0.03929537414346876,0.014721044992263562,0.06784243731380384,,0.07234796357702557,-0.017538177125434925,0.005691102124262332,0.010616391916575336,-0.03163949663744173,,-0.01630685071651971,0.09690271303323472,,0.1296105964589679,0.0027462704888671255,0.031304936606612224
2016-06-01,0.02058243425460902,0.0623784420579132,0.04234826219151826,-0.020749535632603015,-0.07970756596339097,-0.0928785782303733,0.03378531393211344,0.08631021682894198,-0.012983064115071392,-0.062428355488868215,0.061398046735308694,0.023874603467061484,-0.006867835685895752,-0.038873974998761295,0.06896619876795645,0.08886490579898511,-0.0351386366082746,,-0.03101026576500925,0.05354127459123007,0.04043690128263332,0.021799474566249054,-0.003838472452004981,,0.07694899048523764,0.029602393079286,0.0009739542326272071,-0.02577265397538971,0.05408624765744298,0.010060014255770675
2016-07-01,-0.01586201319488369,-0.013920935103010172,-0.017157190087545852,-0.09759180092203806,-0.08661408278508266,0.05136909224101582,0.03190938971324355,0.1143773451300598,0.007364591967740486,0.11761736895771889,0.019268610323680116,-0.03822444294310721,-0.022607130586331212,0.0811460372735343,-0.0004978788966513994,-0.018440243294845084,0.10226799172282655,,0.37152476136821744,0.027740868570822114,-0.014457229826625707,0.032157225611823194,0.07254414432985384,,-0.004666446830989135,0.052163594177911346,0.0822125760974418,0.0578907378824917,0.03604306264918132,0.08081685434434253
2016-08-01,-0.0078281754025368,-0.01728335480911314,-0.042694026550711334,0.08474765288337056,-0.019230822923468997,-0.024496305841705538,-0.01859443515361862,0.015293534450724438,0.06234962521630661,-0.0018848443885774052,-0.05005935453046749,-0.0045943630366301145,-0.00931759412198704,0.01743634394776302,-0.0428655812464231,-0.02406882092842331,0.019880963566379608,,0.05655479324045766,-0.01307564179101078,-0.0032970483887392764,0.008741391218342932,0.06386754551311176,,-0.0010732174611100876,0.06750406735765127,0.14811064876384575,0.07870170610020327,0.01439594335795655,0.014323183863612957
2016-09-01,-0.02312855410475988,0.0274793043783904,0.05779882970294891,0.12075391982664899,0.00966095107223064,0.023339954960478245,0.031159339231939462,0.017661685040615535,0.050061553521874295,0.017830909850685236,-0.020122480388905746,-0.01775416240132672,-0.002597453878768063,0.016903542324663123,-0.04709884158337573,-0.03476098886614349,0.0024335222868313595,,0.18974757834323908,0.01874563962868249,-0.017197103456046813,0.024501319992575488,-0.0638650986110324,,0.014764044875898791,0.07405280640455757,-0.0729781868622969,0.03636765670726171,-0.03294490333709912,0.0011017848503689718
2016-10-01,-0.02713557532867577,-0.10531679374594008,-0.1291382847586162,0.05415319349525528,-0.03921979845125039,-0.16034063561712514,-0.07616519296810655,0.10842432597469231,-0.08399298476519547,0.007236960160858637,-0.03931254657093072,0.0018888328551219856,-0.02448232660977546,0.02098366502222031,-0.016967536007940598,0.044692240125427544,0.039487675894086215,,-0.09170843600174308,-0.014539102086620908,-0.008055527971436972,0.003814483573311715,-0.0024704554940861417,,0.0037764357970971867,-0.0496334584220698,0.027084308601184798,-0.015424524693279117,-0.06224877237450452,-0.04543643259524574
2016-11-01,-0.014013112781727998,-0.05226058089230517,-0.09547944425658265,-0.16388782439565272,0.1655143718012206,0.0940342849582009,-0.060275552044957076,-0.007115854188997154,0.009128069043366799,-0.042912937578259244,-0.012032527618986082,-0.04113853700144876,0.06556087072950911,-0.10088355932348256,-0.0724679217408473,-0.033682798962713284,0.012390933846719333,,0.024295300482191848,-0.061155678767541015,-0.08840727927019303,-0.1145631339047391,0.06654606330206563,,-0.09800327655031289,-0.06180304563791698,0.1618708859642266,0.10348897937544908,0.015560609271835005,0.021731017169347836
2016-12-01,-0.009527006001497331,0.03274847839528971,0.020794951341262302,0.08655466342503954,0.03742642840432195,-0.049153551876775024,0.02631971069945241,-0.05143881302759123,-0.006075779307576945,0.021131504556967905,0.050371120175970334,0.027137866748177194,0.020333347483874102,-0.02887071422683746,-0.009204237091384293,0.0651584514637611,0.03072149212623003,,-0.17231660108370847,0.04426008582923722,0.04715225507059088,0.0334543509724651,0.006260438998728658,,0.014255565502886602,-0.029294388877012193,-0.17000115171754288,0.0012180548199488377,0.14672756587068886,-0.0009464277213320505
2017-01-01,0.015024416244984481,0.08934563934924065,-0.011254129716310969,-0.11998390695469356,0.37085889739215755,0.11058373148141043,0.07495294096802317,0.09174107681388328,0.057602509848549,0.03440651498885349,0.005828324354933393,0.002649488896732447,0.006959140346833096,0.1246261224337961,-0.04003299017290964,0.05130786027879166,0.039598508845003676,,-0.048154469542015244,-0.008156833966650527,0.04947178237501445,0.08395586105868554,0.02935895627653803,,-0.023427894485532,0.07819896981279806,0.08073305679750205,0.08476025822647787,0.07295878557127321,0.038776129368305254
2017-02-01,0.0670028240589923,0.035718163378570776,0.048945268277962806,-0.033608555380443876,0.022285324808492664,-0.006427204738523524,0.030528271015176953,0.08386981527697526,0.036136338794543484,0.029717947422040137,0.024264557575742265,0.009338400929309806,0.04794326036524945,0.039273731886821026,-0.02760765264460537,0.051209205054050834,-0.004373639716419088,,0.05430127478082216,0.061655530259419306,0.12885235036230497,-0.028085489291023585,0.10841195963639513,,0.061348881707034605,0.014028696526483784,-0.008317350388530145,0.06021882351793581,-0.004421464939114925,-0.003209658862409085
2017-03-01,-0.0506063827058288,0.061766584215310366,0.0024630925840843343,-0.039845941457126895,0.07174383665263596,0.06199201329491393,0.011049065415619064,-0.026992521223132122,0.034317626633620986,0.0033906997136213604,0.05298166282091816,0.02016179452670989,0.015237422199920182,0.046912485957233865,0.10808363204796065,-0.03983174582043315,0.028960530196461987,,0.10566685709809341,0.020164492475233452,0.04111249475332092,0.035302855170379246,0.0221303300030567,,0.02031977225671831,0.08305035371522945,0.16932930453123188,0.039402962487107125,0.04406608966512152,-0.02197894049889262
2017-04-01,0.024385895393489072,0.025604528859912067,0.0312132176974287,0.10322417803530425,0.0,0.06295619899671641,0.015879553386696412,-0.01591510787401184,0.05751840146246307,0.08663027268310794,-0.06617362079851838,0.016590915633029113,0.07661282329116317,0.05612134813492601,-0.017258693971094374,0.0050279547553957,0.0387185976121293,,0.08770028151806832,0.012614676586662826,-0.01841489929102763,0.05713501904375193,0.007685054217056347,0.0008872471943568736,0.06260067548387842,0.08275773840549494,0.0133716771788731,0.05864762723504224,0.04518011113782988,0.03322914778835866
2017-05-01,0.09334874844551447,0.05823578963377301,0.051135745741086806,0.0733219590122657,0.04266675949390297,0.0060515851344272635,0.03752266649030822,0.15461501391100463,0.17832351034202262,0.06548627296980307,0.012577198597331012,0.05237093348162449,0.07540880631469324,0.008021066291162707,0.10808927411138046,0.049731649509209566,0.02567283209547829,,0.177416904876786,0.03804429088331514,0.07773593466468338,0.08314186318038892,0.096591252522392,-0.06126230670375274,0.06040743724411192,0.0966492672641134,0.057755608465669316,0.19967214622340612,-0.10090790873637244,0.09965622023441617
2017-06-01,-0.06312944011016346,-0.0509141521297709,-0.05799866126508357,0.00848184224093741,0.04327593138053528,-0.13732440535255863,-0.01729093671612111,0.0013588983608319048,-0.06950981310467723,-0.059920740770903244,-0.01212080477211201,-0.005533581898361066,0.021181179250427062,-0.003174140995561243,-0.017558333232158854,-0.00481806419921186,-0.013115696762801736,,0.10027235698811907,-0.011878538602778337,-0.011257254511112643,-0.014586465932631437,0.014008515239955876,-0.1769610574846625,0.05834630293566134,0.04289811878329855,-0.08793443148823182,-0.04477167548399446,-0.025935686347395324,0.015300961932296646
2017-07-01,0.016327118789928888,-0.09193098275759529,0.08922890067038917,0.04298183205908908,-0.08082732119144038,-0.19095272313866213,0.08583537521763412,-0.1259355197874223,0.09915512350229382,0.016873497703474155,0.0005487173046078476,0.021833755230187598,0.012844690722385704,0.11422946286777949,0.059961328588122836,-0.13647076232171584,0.05324995173291035,,0.015187612064671528,0.009651325439638987,-0.006320558819003517,0.0394374410994664,-0.04848604208910913,-0.2623080116100557,-0.0019636337917734266,0.10547186310035128,0.005201661654466949,0.07985407842225765,-0.003186492771355434,0.027114766257120237
2017-08-01,0.07109557254276762,0.005297706976257171,-0.01916131049375926,0.004842577756481304,0.21082261981593928,-0.08198632502635134,0.04443416933749157,-0.022996952118331495,0.03996490276262283,0.010248725753959236,-0.001207446867849336,-0.006346877936181527,0.03657371448362024,0.015943206211091892,0.056568450284859684,-0.02446196761616476,0.03338894869077289,,-0.019741362479819734,-0.0006018860371722574,0.0018831893790783789,-0.011632197292385151,0.024045454232172955,0.059634426353191106,0.03700194592669849,0.057617063212697314,0.1092442000136848,0.20731687176654073,-0.11154743957628639,0.017597167233860688
2017-09-01,0.026900618483459225,0.005298053214141034,0.007826042110731906,-0.0016116401978209971,0.19973133998620987,-0.028438831439822412,-0.01710856010642047,0.08804912979690536,-0.028721284823764584,0.019161162235204064,-0.02243766273391094,-0.0040005459850713096,-0.020780709061285964,-0.0064170945604018256,-0.010263882243173391,0.010930293173087543,-0.0037516805783245704,,0.09873275493216123,-0.03786319363131058,-0.04246232387070765,0.012715859043655107,0.04880040037234226,0.002065386811613177,-0.0032541349722435956,0.036873593755214366,-0.011696358631062768,0.044402877919630095,0.0017465265206925366,-0.04268408872652031
2017-10-01,0.04887795799617578,0.030747684048133783,0.02875270095749472,0.004827149309118191,-0.1203241410392675,-0.12411329347704095,0.03626745960592286,-0.08155448558745904,0.01296002889271935,0.059137458988873105,-0.03227724455978413,0.021322063947663564,0.06324892840362077,0.05238718533994015,0.04736704997867988,0.012535221845998255,0.11034233049859078,,0.05709796717409762,-0.010827419133370743,-0.059094215161779214,0.07609138173779775,0.011053117696838897,0.0535603364043843,0.09391923127151335,0.02540322579328478,0.028987509620937456,0.07914687068120639,0.01035731510123904,0.01134708527837188
2017-11-01,0.04760329819069633,-0.012028603679000237,-0.05404746150517141,0.13773601211242437,-0.08147522835205263,0.11287538938036766,0.010599829732705162,0.017120137271738438,-0.1174171595660306,0.0030253150579322916,0.05153248571527234,0.003587577680243838,0.035809255702690064,-0.016124080361704592,0.07864744464263793,0.05468996331798822,0.01684103489455881,,0.04678168302364911,0.06240751236554057,-0.0182274002371465,0.05209217017512236,-0.02985765079570593,-0.10724555967865484,-0.0044586498306406494,0.12757580866138515,-0.0011461395015782993,0.008100867949100504,-0.07229890787532839,0.11812850982524782
2017-12-01,0.14150536879953166,0.06024405465913558,-0.025924894967925976,0.08829259100513889,0.08338160005388671,-0.051779276970002494,0.05315839970697866,0.017480752729248705,-0.012204096657044913,0.01649179654418579,0.0795896194142107,0.002400624217356077,0.0008717131284641795,-0.004072016566785614,0.00984451823362624,0.06040460595585191,0.016145580218643766,,-0.12321660456886886,0.028762013749316275,0.03777899289215449,0.013047047567245219,-0.0160718116806886,0.058487956055931406,0.04922979799792734,0.014355350834589034,0.19192741890921985,-0.0159945962340954,-0.016060371681730343,-0.022535190767545246
2018-01-01,0.009132273844453101,0.01643396105876226,0.017064032644300925,0.18264155349922587,0.07165598637006731,0.1165559709637186,-0.014276376971532204,0.13767023126923938,0.18934041185473632,0.11537099245542885,0.20673090523239823,0.03659316843955475,-0.005709222951248038,0.057426225687887154,0.07515704677478259,-0.015097730186968283,0.10499785041556776,,0.23623703300848933,0.003163753399755053,0.014844299500071503,0.009440122700922938,-0.01788816884602547,-0.07753609779036885,-0.04062675170810906,0.13071066520942928,0.04034869903432186,0.14310691303802361,-0.07900969957649484,0.03586434932055141
2018-02-01,0.007045899697354389,-0.14242320672554343,-0.06649077776937422,0.06453848257876885,-0.054658426074659,-0.01974663911445935,-0.049173957895725415,0.0253168190682207,-0.02601284740874862,-0.06852651854248208,-0.026317093872262973,-0.09631969469035989,-0.075228029099754,-0.04694074270147379,-0.0738938535473826,-0.11099968519898772,-0.008450369115471371,,-0.0005258724050154098,-0.09196586195760567,-0.0349217222476446,0.026272478775009774,-0.03025950372995717,0.24769178104136286,-0.015916274458733396,-0.07508364308970601,-0.05129334760486477,-0.12424775762983657,0.023675747556958743,-0.03406453403271954
2018-03-01,-0.004370219837713854,-0.010912135699479754,0.03479893733901063,0.15315023962290902,-0.2050497589130273,0.01465301494613001,-0.0016230423212768546,0.0513486428854184,-0.020087072653332122,-0.06240066038225819,0.02306905011490139,0.01363598611161797,-0.008659067355174186,-0.10971936932190982,-0.10226185420269422,0.0005833070885757273,-0.0270230229691392,,-0.02736481017220021,0.002063480109759239,-0.030173638096533135,0.018437765175262705,-0.0210492904301609,-0.08743135818727045,0.056126630393498744,-0.02958242581898506,-0.07044968834522064,-0.1346174627440706,-0.013313185313863298,0.04504978004692233
2018-04-01,0.02970137441739815,-0.054683667095425326,-0.0939649523393311,-0.18981406639940496,0.19564215785958838,0.2701592180958755,0.04716428791064085,0.0343823779530783,-0.027256917148178267,-0.018057390426244133,0.013258445285825449,-0.005078488061839217,0.06833604077664014,0.07363432941898011,-0.03939550704504124,-0.10496852050490417,0.0243529112334109,,-0.05613107081218702,-0.0781969497554473,-0.19243313837810302,-0.008119143177390114,-0.0449152232770909,-0.10207529081116086,0.0226016088787101,-0.08127872743921452,0.08761133562132783,0.019545918992481252,-0.01930285261975787,0.0228775697003682
2018-05-01,0.009236595212527851,-0.06466074811637329,-0.04197451389419706,0.21229647046698602,-0.1375899688631206,0.016051607132665825,0.03161668672638097,0.039542107383538,0.10399482305081996,0.07690079327850625,-0.005516800937181254,-0.004871586940818139,-0.04538861720554305,0.10885434832686444,-0.07237521150439136,-0.006615420392369134,0.059652548245772825,,-0.027822464355316885,0.002295950487335385,-0.030459162058909486,0.015281388232641264,0.08908319550247572,-0.22961942891444678,-0.04071881415269557,0.04081120365860374,0.24385127980574062,0.11694695470698409,0.3407139087231062,-0.06422627174096847
2018-06-01,-0.14045293599981992,-0.0008597898595406843,0.07381816391819682,0.027308330147059343,-0.002172017454981165,0.0027625634176978264,-0.017279322051765814,0.11715846108073362,0.07439168637404564,0.026190352625322898,0.022379368462494425,0.028669130240725104,-0.014634889829363637,0.013157531656381914,0.11334263667778963,0.030925250156912644,-0.002329830164198088,,-0.22417280203988227,0.08248767875588706,0.029017546756587652,-0.028043516361264283,0.02145578164007577,0.13911278397707535,-0.019052458707325387,-0.016186595675612463,0.1650740471427706,0.054517914322962706,-0.001512586393025814,-0.038989754117739035
2018-07-01,0.08241008616332567,0.08234212235872723,0.009482336686485428,0.043919218565416585,-0.07444242217881046,0.005294540330550933,0.022384940615279077,-0.07164915637431489,-0.09102918220102149,0.08325085306601694,0.2007631073768272,0.06124152957319362,0.005409982627552359,-0.1186455483175506,0.046377237233204235,0.03273888962975046,0.07302091150024134,,0.04505929337034352,0.05477759578482756,0.06659503521327204,-0.007575279316589129,0.04586393357187112,-0.04611994727038194,-0.0402757609039406,-0.09491212865800579,0.0477447629697788,-0.04616606818917045,0.05596097669541615,0.013586535704097485
2018-08-01,-0.01896882117809674,-0.12423833361541112,-0.08715424755380398,-0.08559196686884038,0.06789932818313622,0.09143291530483645,-0.04014373437995548,0.12811052904829387,-0.12686294747085,0.003724981285066384,-0.05171028165184765,-0.04518305710484641,0.03555878019074068,0.01808797582951315,0.014391099957570356,-0.0027302964925706094,0.061088018339991404,,0.052054576841348066,-0.026344026646549206,-0.10253195531425087,-0.023234978596430617,-0.09515179790812461,-0.13696589007038068,-0.00624588609732072,-0.05764780272546872,0.005959353638854681,0.16698603229640485,-0.14454894494481807,0.09581586800721908
2018-09-01,-0.02950301216123348,-0.036842626704268196,-0.06263101331621794,0.08167805514367872,-0.12574682331622758,-0.04445180362259277,0.016081055650320274,-0.010743668455381945,0.06055736633389948,-0.02027215736969158,0.016098047477442808,0.044172472333645886,0.03071397424385982,-0.06628131923448717,-0.04380998721512913,0.042821922747244945,0.017998121421339452,,0.0115019342989451,0.0063608106643883435,0.05986328346371955,0.038939725966183794,0.04029874815783925,-0.2510523584156296,0.035018491130459725,-0.05478866119784072,0.20936282762210137,0.03263046177590177,0.08338189690415429,0.0452268150481756
2018-10-01,-0.0869571885826332,-0.05692013023537815,-0.1686438276222607,-0.2202067577125608,-0.009974869046550731,0.012701755454668968,-0.02508791466395189,-0.09236692375540273,-0.28092743722091057,-0.1014945712153336,0.12183014336515882,0.03593450765456113,0.05585603224841809,-0.08016959277340657,-0.09780127693714914,0.07550433761472385,-0.06838735520921714,,-0.15016319251991964,0.005174490326252433,0.07703849291424791,-0.07450759226980867,-0.07912937278918428,-0.24912672175979958,-0.0790576602443189,-0.1736423584688999,-0.008720817591941776,-0.06837715216102742,0.05469001112756545,-0.005514931590231751
2018-11-01,0.02934486130126199,-0.2188325476823534,0.05023169725519153,-0.06252030530697242,-0.017699377030131056,0.027595622553523238,0.04382862783380761,0.03124193853619026,-0.07898952637325095,0.017335027180853762,0.03774043637720519,0.059169770342017834,0.06971432176090173,-0.07650785626476128,0.12153927756467532,-0.1707650162230235,0.04179794430298664,,-0.03273025543613296,0.08164333860131201,-0.017640753060259085,0.06254060123664358,0.06297396874902672,-0.015244182683468195,-0.013888069815389328,0.1548577740272839,-0.3214997085887778,-0.16132826633477876,-0.06798311401048197,0.023967350556477324
2018-12-01,0.0006261857240494089,-0.06874011536303011,-0.1553437799816208,0.029730510752897232,-0.12193700910096908,-0.09159986587157201,-0.0178234404802449,-0.10957851890621327,-0.06334193268268878,-0.060066089146384546,-0.051683426605122276,-0.062424535546782116,-0.059786288767741405,-0.07010604170071985,-0.1926968912451737,-0.08805846478508218,-0.08779039743248242,,-0.13462594134926748,-0.09078604552713629,-0.24410530254018833,0.02192468125975121,-0.10083669500028966,-0.16677482667480198,-0.19660365306759933,-0.015261161733239367,-0.08890621222181987,-0.06332952213468042,-0.1577053894565603,-0.003258845663772114
2019-01-01,-0.006960042777128164,0.10196498787131078,0.14973432436200018,0.06074349293067963,0.1643898388591275,0.20420151216341054,0.07373007169585018,0.134634436662944,0.15608574643421416,0.07459513246744028,0.06574951352609086,0.01633896253534619,0.00679100168203177,0.24025171811973708,0.1509529142477021,-0.000810158971645083,0.027768766223696468,,0.11785018455851565,0.01962870524076678,0.13905844709402915,0.013650975581690684,0.1805674443497912,0.19255329714656766,0.07681367892516881,0.12241718137074431,0.2630423627867497,0.02503848526584356,0.07735597617059563,0.02216355606738162
2019-02-01,0.04631808379096778,0.04054963807238631,0.02225189840970282,0.001899286944775409,-0.13878391922018646,0.13726067939417821,0.02267591418080071,-0.12280893536651623,0.037660091405712526,0.0005860504513511595,-0.07909369741314923,-0.059716232621840726,0.03425657106393176,-0.03194018701927506,0.10897034394282436,0.06015952486613269,0.0745112398343754,,-0.08369689392800267,0.034094978594884855,0.12505568207654538,0.03667991520658872,0.00889869391018565,0.38326444328852405,-0.02202223412947254,-0.04118639886746456,0.14389129158051156,-0.19029261103056658,0.028026464041808082,0.009993463273720204
2019-03-01,0.06772122786103967,0.14321514580408162,0.07170147366644683,0.07404027768747568,0.17950833338241648,0.15629987716770577,0.05548080616496168,0.030785856575503756,0.05928498090295015,0.04371555840753885,0.10627421023373786,0.041666697298499686,0.03243154336839181,0.03194018701927494,-0.15655577912611268,0.10562156379662273,0.05140949960358849,,0.04621467676492397,0.05803731927125155,0.02912363410597264,0.04236585052481443,0.037578717876191464,0.11732944012485358,0.03582515370655569,0.07143481943098437,0.12065549066889288,0.07833106296096486,-0.029240295715292266,0.05466861385578742
2019-04-01,0.009616689646899103,-0.062303842661863146,0.05750242625946457,-0.026787401279230655,-0.028573345677323933,-0.03185446748589343,0.030280877003512417,0.047220584257461486,-0.07115293764033645,0.018579123608068192,0.04402399510853596,0.04587988546250632,0.03959565415515955,0.1486247453579465,0.087987999641028,-0.055490429737944706,0.10196321235569124,,0.18315753993379694,0.043901741486797166,-0.020921244072299533,-0.028807426402271127,0.0019944817058179373,0.010830420053935424,0.1883587063935652,0.06849984657601894,-0.07475896480835081,0.02573362739579405,-0.05492078887787836,0.0448654863721721
2019-05-01,-0.06412585224991274,-0.12280214723977173,-0.07580160637700112,-0.07417753609994443,-0.034401661680598154,-0.04165262654669707,-0.0034453063596657516,0.032434614690338474,-0.01672657004311408,-0.08025255983350858,-0.030739575105748523,0.001425769668628381,0.009375855476771864,-0.08595897147878626,0.03721822865427445,-0.10203235298762778,-0.05074694085930867,0.0,0.024307607348836326,-0.000390530770252071,-0.11534528456515596,0.009978745204741908,0.008547155017416779,0.06515547425955008,-0.17836481046151978,-0.16203440484367765,0.1406661296973869,0.11056228397454705,0.04820636223917448,-0.015555032902254885
2019-06-01,0.10670890810677763,0.024904176927273678,0.08374025753120772,-0.02566784859492377,0.10436026663034094,0.1047876296783078,0.0250322342898955,-0.002067058169768297,0.08423204529797722,-0.02165178961616209,0.024874540071468033,0.04356159359352852,0.04627228791294287,0.08388859320008354,0.03134955083081016,-0.019849158315104337,0.07984371354241816,-0.009537691243123501,0.03626251506846616,0.03145371286621463,0.03297278468053993,0.04628765414959754,0.06263004459956077,0.18456181102635758,0.10986159484432423,0.08048483427985408,-0.004196569180298885,0.04854794191621023,0.07250200275225285,0.07815443974740757
2019-07-01,-0.011248045375313652,0.020999912304001236,0.13180684730182815,0.0473606034462039,0.11678135511550032,0.08202653569020102,-0.03207829737222337,-0.12928958011067843,-0.09048266587396454,0.11782419282684448,-0.021596625802173485,0.03303070120875107,0.014628158073499188,0.006352869665569673,0.00997669030257179,-0.005930655490572984,0.0170965645586601,0.0,0.009134346970780818,-0.025644233335423282,0.06268251209517971,-0.04166209846458243,0.058100737544527555,0.1611192903921857,-0.000609449694613764,0.027028607672909266,-0.2769868617924497,0.07620714614131738,-0.008924667169549884,0.016577990319294134
2019-08-01,0.07349494936556969,-0.014425413511619632,-0.06632259434027765,0.23405193238206023,-0.19644850324288246,0.05251063882977918,0.03896894871307409,-0.0750932260192155,0.01267609725263744,-0.02297573691241443,-0.0310380596882335,0.04477391869565747,0.03910078715561985,-0.04507206328743445,-0.0942715265285833,-0.07337302517171661,0.0149254183288807,0.21611897861601634,0.02268938449695207,0.06746336479390427,-0.14824807682151345,0.0829262225011169,0.06245844816420331,-0.05947197192280839,0.04141491294932723,-0.1193164480894664,-0.035081733979486086,0.0743003787130834,-0.1727540096246053,0.040775744679505656
2019-09-01,0.06501701659167677,0.050010672498435056,0.006854738504771767,-0.0030234289964315734,-0.16395497619251542,0.0024421126858303797,-0.04636446042295455,0.07795124555158585,0.04324416930240754,0.025386133392800558,0.0014651168773540575,-0.003676405142631519,-0.015068969833144211,-0.041738088623096935,-0.010451509478935616,-0.04805877776441076,0.008450717276906798,0.008058404312823907,-0.013852075857573302,0.00958931688606701,0.06828019934356325,-0.07020897943055462,-0.0909015901190737,-0.0018969169685933366,0.014236337082224005,0.008685220200191832,-0.43947125957389244,-0.051544617699465854,0.09065039579493102,-0.02910607081238889
2019-10-01,0.04271872993247657,-0.03493643413212824,-0.16384907127279666,-0.11287457685879852,0.011428482115717767,-0.07702913403047636,0.0021384118091416974,0.10482072120894792,-0.014622555697641818,0.03037418615293156,0.03587302239726382,-0.0001834487203404614,-0.08760865940990269,0.0734379190205358,-0.03380653426602739,0.09085487532954967,0.030739041345978626,0.023065179160306544,-0.0017182743316351775,0.0005103402302304121,0.07005484415282363,0.03748030586454464,-0.08351600980691411,-0.0479677018700061,-0.08531105247116444,-0.02751909000681115,-0.09978662958196571,-0.04062586402872247,0.013742195457925478,-0.10906011532905534
2019-11-01,0.03450187307427629,0.12487717843011238,-0.006544054186932486,0.017223680338833702,0.32051818395088366,0.04492994858060909,-0.00262785656530872,0.08019587485510843,0.04671308334243372,0.03534644066091066,0.09414754576245879,-0.011662977957058982,-0.0049620642188131225,0.05081311134971174,0.06366960011681526,0.1040200407884058,0.05776131497662999,0.0032521458017387497,0.03941098811394601,-0.009816894566565666,0.018130340091259918,0.006411400029211352,0.0028990221777930704,0.012537252818678922,-0.01880092213761581,0.03993263766613973,0.27986500180145546,0.008274768048009595,-0.048224656074735445,-0.00598634704283391
2019-12-01,-0.0006373285143191043,0.08535378820913551,0.03333832757433305,0.15087290893132974,-0.004132454528682197,0.028093427508958796,0.030015048405823506,0.00044770797635288026,0.06236438446531059,0.026708953042303623,-0.06647970871398975,0.03586582427988332,0.015966026398736972,0.017745010545050108,0.06048693752988722,0.020645375473780474,0.04090159989465281,-0.02631732496204527,0.03072764464372654,0.013144960295597367,0.03941868585144463,-0.023103528824291047,-0.021211877824227995,0.0684243992569418,0.019638372621685423,0.13017476565825975,0.03691943653927881,0.008860520980066821,0.08863777655333746,0.0005959127953087593
2020-01-01,0.0005917227043609596,0.0367628336526219,-0.08572667046172801,-0.005747132703666257,0.11155245052962942,0.03480655025080789,-0.06418206907051797,-0.04181114353048797,0.0038062066535609674,0.06740218261934756,-0.009419372580364831,0.05363944833295032,0.07954016409591579,-0.016406709668283892,0.046877569005127,-0.048860484334365246,0.07645585258477497,3.3322078098093724e-05,-0.08355582244729666,0.03839850500590822,-0.028489876398966083,-0.039732727590666525,-0.044245151481424806,0.11825916895703618,-0.007671057827364086,-0.0020850622097460074,-0.22489322833286257,0.017890136647043274,-0.05782709195783148,0.04882293143535018
2020-02-01,-0.09662712359010621,-0.10145851292498839,-0.25467812392520156,-0.03893259431890357,0.09024691886169067,-0.11373302127503553,-0.09744515218452238,0.18633581639740004,-0.06261283937798412,-0.06750677766363775,-0.02304647707117929,-0.08782125015666778,-0.09086337391858211,-0.04788204335758062,-0.06497903813422383,-0.16327393702654786,-0.04676491786750747,-0.14186579066994676,-0.0892717750095001,-0.07293855689978881,-0.010086941880674884,-0.06457693918920891,-0.04201110390665128,-0.2601360121806215,-0.08458397225074663,0.03567420635953399,0.1353355666479623,-0.14812476224513244,-0.07418045369481843,-0.16535346430716089
2020-03-01,-0.09819065090259585,-0.1299318458096926,-0.279888907127903,0.1866815660157756,-0.33918347234313206,-0.16731025540761016,-0.11006135318809633,-0.04404902309628592,-0.011908468139213778,-0.14201018911061147,-0.138668417688531,-0.1809075110027546,-0.16066981433758734,-0.1431445170944205,-0.10374174327342021,-0.015889403280611072,-0.026899884886567672,0.04178620802847114,0.13982412529028646,-0.08797506080797253,-0.0974522285456467,-0.12203881179036913,-0.3671532060359453,-0.1754293195091709,-0.18434302177691986,-0.011343200554884135,-0.2107291322744464,0.09853599020666369,-0.10998654358348138,-0.26417009909509703
2020-04-01,0.11379193920052344,0.1095926338799902,0.05296926840891775,-0.03285198254626917,0.1759673900781974,0.29455396455025007,0.08682108127854546,0.11049145879342794,0.13160775805065533,0.14755756721535807,0.09275297718208127,0.03639154675251928,0.12603456057872472,0.2047987430958748,0.09408141266151952,0.014887651272367007,0.12780042114996665,-0.14928053950040432,0.06339864963765787,0.09667191219107381,0.022229579397340445,0.06451699550950553,0.20829470547743067,0.3927692175898811,0.13870627807702968,0.06944080978306885,0.0987060341627229,0.020362903407734802,0.10672457371506189,0.23206329844219437
2020-05-01,0.05823837828342642,0.04935169908613957,0.007708721273503491,0.13889586256731756,0.6133535881248104,0.13338485167558795,0.01403743145652752,0.06397187075573009,0.07273178244424273,0.0624759553218505,0.05370912747694483,0.017068968092242322,1.2225152706453525e-05,0.09490598292555864,0.15135020215156542,-0.005108644682314862,0.025074148636100725,0.18676003265376145,-0.0117326238596403,-0.00560945046559338,-0.01676178365297254,0.024556793028908997,0.1013769868767749,0.0728091587877843,0.052143557556550355,0.03448020321130756,0.029183948268828825,0.11770038309486652,-0.09332742476708517,0.04269233682455067
2020-06-01,-0.03237289965303912,-0.031941944362148304,0.05989156926826341,0.011117544324019726,0.23877046656850237,0.04713288016430382,-0.045244261557298535,-0.04139486643692218,0.07197225560248013,-0.010850366299835046,0.017045974126328224,-0.03474623891469377,-0.009978831677645449,0.008758106205895821,-0.03668192759570457,0.026719826672441202,0.10486358653544517,-0.07410780261421299,0.09488091865079856,0.013114583259374112,-0.030219089442052705,0.011109547399119006,0.010574608086955812,0.21529867297175084,0.012944244333642203,0.163990639848638,0.03961736886414891,0.024662228307924344,-0.035813088437311534,-0.03193197737650559
2020-07-01,0.0854653333931743,-0.12830085676156147,0.09899147187324137,0.0933483152597526,0.22025074648198692,0.09320367658295245,0.09131803948901665,0.045428019536594866,0.06996646012187722,0.04811650961446727,0.07957963846118199,0.05571527173930586,0.051813561525325756,0.11077571654518785,0.12411039758650497,0.04727239589528696,0.007343826109010403,0.08264258227196117,-0.016049428273496417,0.0400171222473878,0.091983019813445,0.08889723078317123,0.034011368559006466,-0.046621367880067245,0.018406502648731678,0.06780463388166927,0.2775949831572943,0.16142207765910008,0.010654152178682775,0.046535654735859106
2020-08-01,0.05376344496801624,0.006536224467641594,0.06611042987341845,0.2173260094223158,0.2804988282787082,0.126001981000022,-0.07527393445305357,0.05620100149880508,-0.015297360402612838,0.09089244944976568,-0.025158461733361448,0.047337637235259515,0.10026361271911276,0.14482096216022158,0.06630489098934693,0.06103904249442001,0.09780872358547012,0.06875683999892643,0.20268484163504333,0.017284016748696493,0.03806324408244131,-0.000582685058941351,-0.043021377459087164,0.007553916187621941,0.03899752656263903,-0.002192518602334806,-0.129022628615667,0.04278566739139115,0.029218188464888113,0.056254875581788065
2020-09-01,0.03114052106341654,0.06810399969241226,-0.07626664727047218,0.11467639011315185,0.15650198566396384,-0.05214200184134593,0.023966453953404892,0.04110869017334251,-0.06716642875201921,-0.10602690519873556,-0.07769890497627896,0.004826434774550282,0.02757605376199472,-0.11289230589737084,-0.044625272200211945,-0.10404840165809716,-0.0697753703645143,0.1146275001792406,0.05107060261394872,-0.0033139732714750005,-0.046338205873747845,-0.07437688075470575,0.06965790467392247,0.14481106885262088,0.026900981159089787,-0.010147979655355095,-0.03361376405530941,-0.0354961385253616,-0.035881143664707904,-0.04863354540057411
2020-10-01,-0.07740152684176216,-0.10679307768872034,-0.0372478511143144,0.017547500267871472,-0.12158823950457448,-0.03454474500696274,-0.05586865174568809,-0.11700698157173459,-0.08460916987045627,0.09775714110507032,-0.02023992361786343,-0.02689274957906501,-0.03001466328192631,0.004609428834848724,-0.04631812568117196,-0.06854950558643622,-0.03808614899776828,0.08020167942706129,-0.045741194349278355,-0.03906479671442773,-0.05439327548952543,0.013406304867022645,-0.10071475580546667,0.4111935554005271,-0.13710331402056306,0.12084968684433024,0.2949140886285896,-0.06436908369551377,-0.03220377016323573,0.021990944019764806
2020-11-01,0.14589876137897978,0.10218734797783219,0.2503937211834582,-0.0010655541339650086,0.47230090395235325,0.07064615983178262,0.17418428811577857,0.036974041396585146,0.06400114819674868,0.08210501954702255,0.12395970983713998,0.07888175750859108,0.02655686529810325,0.05133689589258211,0.10185430038655803,0.09888185742362375,0.05832619233677022,0.0,0.046446214906179145,0.07888236342769907,0.06447679835350599,0.17719832168764033,0.0911052559781568,0.12017781575715306,0.22391623023473528,-0.04473750697566577,0.040533673434548806,0.15287730464181865,0.13280985308608573,0.12989516478393237
2020-12-01,-0.013110720862923883,0.07746043578999157,0.047303616294947476,0.1310407868823193,0.44468584855802684,0.07273372195390958,0.024606098319798576,-0.021442882995336494,0.1182879546279318,-0.0010036113994127446,0.049649910454845125,0.0608982799546911,-0.013240309369867429,-0.013851462120147436,0.08693278969707795,0.04921623946990957,0.03826436408859689,0.1788205467334784,0.12653016704306833,0.03492662202926179,0.10322837179239004,0.003945390816363507,0.07873107763442795,0.11973224300199248,0.062200923701299364,-0.015322130453435586,0.13393369268506872,0.14074177453194547,0.06589712401807062,0.025752317325127755
2021-01-01,-0.10280375415349503,-0.025393071316950556,-0.10900683959925565,-0.0006236498010042792,0.0596068113045728,0.06510808271232474,0.009151530203153128,-0.033680261905927815,-0.002789308927946689,0.041748822042845954,-0.0015354694810550845,-0.13009853614613393,-0.031914112388367444,-0.05581984490320963,-0.06304023606272385,0.0019495367821476689,0.04199756381936647,-0.010761537569659453,-0.1080964538564434,-0.08240010468997032,-0.03866536705593077,-0.01576907933030431,-0.05741816701703525,0.055737150611566186,-0.037773782809163985,0.2169760241060331,0.05543620884718169,-0.0359630981369771,-0.043804528199036484,-0.06734284615167846
2021-02-01,-0.0012566939891491494,-0.04162021494241096,-0.08242496370504712,-0.05778249883732978,0.10866963151511135,-0.026011056509914764,-0.006691835207691765,-0.0676435100379866,-0.06662657896347146,0.10117035909177659,-0.04108403975737238,0.01729489757323425,-0.002079160011023983,-0.0027523554211824116,0.010425666230420934,0.05953567041444541,0.004109435639616222,-0.14172058823460137,0.06495347620337141,-0.05555292285348767,0.05341280913303398,0.00765296264102865,0.03775325381593013,0.21533079698883337,0.0183997291646152,-0.023909024401423406,0.0436207375257836,-0.08313214965899474,0.1024787596643938,0.02468273216869801
2021-03-01,-0.034509285942890794,0.11885390743748492,0.08497393827273354,0.14523566293365625,-0.21423821508122354,-0.014796842416844095,0.04019800712473738,0.06222710735632514,0.011635051490990396,0.019886040941213025,0.1231077373324487,0.08147771023362428,0.0837153096599181,0.1338954277370594,0.03747011716273272,0.17707353741008586,0.014482804325704557,-0.039599764514141204,-0.08550367577844939,0.09861525018693718,0.06799544716209717,-0.018037752748241802,0.0895919879317917,-0.2276848021385806,0.06271550100910643,-0.08868057557147559,0.059671220259714074,-0.04297931215017886,0.14907810891706597,0.04393499554074871
2021-04-01,0.1007393860739993,-0.03226525106545048,0.12136552557920433,-0.060374631109469376,0.1760585241546617,0.0489033755825277,0.0881933096181517,0.13829851400971244,0.04837866021358221,0.1319750020131634,0.04215961202634592,0.023808484458387076,0.051900158644209576,0.09869033821286824,0.06337835250671182,-0.06897895702332274,0.06728635684283538,0.044427619345442024,0.01527819786230208,0.018977641842208938,0.06816628868875607,0.09297140002461128,0.05405088958705032,0.1674217660587586,0.05262585409373945,-0.001756039853951304,-0.06636772776376548,-0.007498285862268906,-0.034931669781111924,0.09968730126929205
2021-05-01,0.05210524347826517,0.030456567527894378,0.07394136253391857,-0.022100310706246122,0.13435998444466954,-0.08388262571496603,0.07464558109912345,0.010668888528743018,0.005964714939175027,0.0014223610312453496,0.030492611823158048,0.023978564426012167,-0.003812068570602857,0.01116562343166237,-0.029063371261948436,0.030321139438637672,-0.007656711818479513,-0.009317135111599838,0.0728154799458108,0.025882805996723685,0.014940386562242837,0.0728878536989619,0.016049033640577443,0.004841049318652255,0.0006677050475969613,-0.013526942694948776,-0.1323032642199571,0.05642319053403936,-0.0033846909854669026,0.007916281785442925
2021-06-01,-0.06759571414276552,0.016414962192889956,-0.05089748856119834,-0.11151782542147945,0.14925619898918357,0.12221930036699385,-0.008105243835054501,0.09083430864566072,0.007467007792345012,0.03540545356177041,-0.042305284707109904,-0.014066300275533947,-0.012476564064231956,0.056131904527449296,-0.03146470367792194,-0.014354033488224506,0.08156958451968432,-0.07000588758865868,-0.06395240372584401,0.00883295804674714,0.03947927238074879,0.009029184867185939,-0.0707591392665377,0.09249642218940315,-0.024620810001239925,-0.04008854585567672,0.06903313568160054,-0.047115522050377966,0.016458971659524552,-0.0420487332836489
2021-07-01,-0.05513544023911602,-0.029218581079226813,-0.1339877635033586,-0.049067723694506966,-0.1031870546428539,0.18394995852578858,0.03344738777092539,0.11909479130600384,0.0009037481668199155,0.09849249276885129,-0.0008516401963842423,0.052558050454303396,0.04949293556543821,0.024404202524339797,0.031994986873218896,0.00752215445735478,0.0504236797366809,-0.042242849654926924,-0.12121841816518876,0.05756696931315792,0.00983970742472727,-0.0028619996506500005,0.056563272407690164,0.08816029503863632,-0.04168811918976437,-0.2073331480530053,0.1470404530169578,-0.020546357285684238,-0.0740703470819977,0.1329769195887256
2021-08-01,-0.00991899675695299,0.00638823659174711,-0.027853392182757654,0.0315664135703963,0.17505831011364262,0.021180794191945147,-0.01834079991457103,-0.016501033838836512,0.009832422434686865,0.07139844674239353,0.012979873215297196,-0.012704920331228364,-0.01640078960906168,0.06276544586659003,0.033876812998516956,0.04457841022609216,0.059768879493245615,0.06599601677203361,-0.06710474745316018,-0.00357463909444792,0.02865894139941245,-0.04956231616952124,-0.060138903048504645,0.02245497198449483,-0.05716179848682026,0.007488262799428472,-0.06345805039411823,-0.07294648796340115,-0.03036425813992841,0.0009825655182111729
2021-09-01,-0.04430946614796166,-0.0458266437439972,-0.0828492843328555,-0.0070872245431013335,0.09702111093109411,-0.046132097230660585,0.004622116723508086,-0.07855672286915519,-0.020594739535038105,-0.07922645898966138,-0.03781250765994116,-0.06311172511571209,0.015254028571397519,-0.11138851527567048,-0.09384561459746547,-0.08032618534249064,-0.06840617497603864,0.04620602121526248,-0.013911203282988968,-0.03215697491340919,-0.07079592300449264,0.04956231616952136,-0.03971609065343486,-0.029872841576697232,-0.0021333358365536277,-0.031131439034347695,-0.04009419758896878,-0.045362807295179296,-0.04589933753549137,-0.0688674625197729
2021-10-01,0.013046685599642135,-0.010256553658407132,0.08235948763075361,-0.042126818840962914,0.06894101244849535,-0.021404614754057357,0.033975825462156516,0.02486840419580318,-0.01415967133224338,0.10210419091814917,0.054960348768355524,0.0716954990162157,0.018247191036038793,-0.04773440265770736,-0.044073194904314245,-0.03146517858193242,0.16236637820289432,0.018986559122300264,-0.06989755097895586,0.07175930667530316,-0.0026408605923842862,0.041139864160393995,-0.07726843755058382,-0.3399709745960363,0.028633370882515812,0.016921442273255753,-0.2239294997251716,0.16108993913388964,-0.012372878006261946,0.021274706453347742
2021-11-01,0.03573599161222627,-0.037046538929864634,-0.09413487706088297,-0.08552878313168824,-0.3442311954347463,-0.07929499010027359,0.017377005719525523,0.06945766984590686,-0.12137222136079967,-0.042417910805061056,-0.05994946848553548,-0.06435187327786665,0.0016525227273164792,0.002746726552787412,-0.014456955541768186,-0.03389397692429298,-0.0012829164449873916,0.028739883026016058,-0.0030815896639116713,-0.011326398716021136,-0.09537363213722105,0.009328504424518968,-0.010828034366551043,-0.09929301809965536,0.04199427977883056,-0.039253742426913,-0.004463603038847436,-0.08723236645183362,-0.009191102854114874,-0.012993103212267546
2021-12-01,0.051302552737192406,0.12598636230405805,0.08313029317973808,-0.08118810539353981,0.08621926692081397,0.061841989361803996,0.08022057217304226,0.07563143846750353,0.06133682373753349,0.02060742658224279,0.08106089608059368,0.12123012795759472,0.09162373441851142,0.035990123617413744,0.13657047993727542,0.1246386591856165,0.017184192878244686,-0.007172222744123144,0.05801530069617838,0.09032395558064223,0.11375351093313141,0.054032759905928665,0.08898854799806803,-0.012257166025128928,0.10776735264629417,-0.002569582428889467,-0.004252562464944924,0.06894462012240297,0.1649212128758489,0.12258324408524025
2022-01-01,-0.07744989768972499,0.1385643513974825,0.04077581954689441,0.054574489682510226,-0.4461781560361151,-0.1628100454519629,-0.07638885183045022,-0.21611135500866782,0.0057453871045730544,-0.06819207891040886,0.03420061753558527,0.029947346988428842,-0.03268389241058465,-0.07111879054979738,-0.1020802291181139,0.0710585088936198,-0.0783346887327284,-0.10080071911224667,0.04570987982733514,-0.0010941132956675454,0.07939471224244807,-0.12391260119947378,-0.08079831196988198,-0.3683155400747816,-0.05411373752543831,0.09376384724285668,-0.06988210195280611,-0.08437538942642839,0.004828608289331146,-0.10379340206447954
2022-02-01,-0.03317062438382378,0.029127028602303137,-0.01985652830886159,-0.027767850737382745,0.291602753487608,0.025106579531831673,-0.013191098110579783,-0.05061642941947874,-0.01956308065562686,-0.0018235330487286678,0.01879459166118205,0.01995999050268068,-0.052697602606770116,-0.3950333193359534,-0.02711713208666443,0.008026103108040394,-0.037922113394339714,0.04937211557711986,0.03962973594597811,-0.05801327354983655,-0.017458391816307876,0.010913846869467036,0.00017854163271071785,0.20490816367748224,-0.09449864143077527,-0.15071889737533456,-0.049755518172847825,-0.008237560277582585,-0.005896359700573035,-0.016277009507778946
2022-03-01,0.029775826027094037,-0.030445224843944924,-0.029044597399694633,0.03025435933462356,-0.1465623005950317,0.03779701291967826,0.017129178603252106,-0.05722271135732952,-0.026557966326152666,0.029262622713704153,-0.015172857593335644,0.003762323658414532,0.010202250967428956,0.05229744961305244,-0.05479154781145846,0.035599647202129894,0.03136479394446055,0.04166398461553,-0.01043657300463037,0.0285426348863907,-0.059719361940588356,0.011709530771629008,0.05149931924381102,-0.10413712487584671,0.06595213939364654,-0.14735719405803063,0.016496441856651292,-0.05233343558117856,0.07063004508173686,-0.033597844179803577
2022-04-01,0.00624740189347005,-0.009054041461724298,-0.04442910400932203,0.08182410855584843,-0.059356929097828755,-0.08328378965664816,-0.022200038210503224,-0.18579180802329862,-0.06921320979271658,-0.19780104306243684,-0.013280081411077638,0.041234755892293896,0.007573872872033265,-0.10363309303477247,0.06984355783171525,0.0616035510064814,-0.10521269343351965,-0.13125825154119602,-0.0990046739476624,0.02554041899761569,0.06251377458470911,-0.06458417013876781,-0.022515728100335232,-0.23474160823518062,0.06622790424341793,0.01390538249952628,-0.08016526198798285,-0.25186283189750636,0.009237081229018512,-0.012906748325210141
2022-05-01,-0.019767340880752843,0.057211594196522816,-0.003471681763063522,0.07986669681294714,0.25479133019760963,-0.037133019690952,-0.06074712630490792,0.07182498880772492,0.16084477796245242,-0.0030500217226123176,-0.07377917008674907,-0.019220841502167494,0.012166795391382391,-0.03466389443988248,0.03936437729658992,-0.026994166716192595,-0.018242683913670236,0.10854204274367728,-0.024517202097579148,-0.02333233277330334,0.06062482895668016,-0.0471115443653537,-0.08362524343666985,-0.7016158189599425,0.0007471518605702232,-0.028321959862451628,-0.07095175719846739,0.04114657317687552,0.09601719692046977,0.042351263375359
2022-06-01,0.06215771825770834,-0.03052458219254851,-0.049716548415224875,-0.1650075526925409,-0.027655739200903307,-0.0703586580178526,-0.07120343088834259,0.0734259449632274,-0.12945011264996928,-0.04310017809816092,0.023820431020163065,-0.00024413344022563289,-0.015832725320210732,-0.18304466861754956,0.03938463265312051,-0.23920255945905983,-0.05690943746798847,-0.06798205121075836,-0.03253803907972682,0.0004123646592067383,-0.06083520747660446,-0.06484500282031505,-0.034621439559784015,-0.07198404450215502,-0.05187868585346808,-0.0032991988324738396,-0.07270774379303536,-0.016190752931703276,-0.05122721844612052,-0.06777631741919929
2022-07-01,0.056255376339216866,-0.07318387289163325,-0.007628622225552616,0.13483870268439796,0.30980760543277425,0.17945395563746766,0.09462062678959708,0.006139696380765959,0.07580311295589814,0.06533662730040533,0.09044351166010169,0.019830549392857715,0.06465744684106095,-0.013423035811998716,0.07199453556471283,0.048824316616676855,0.08901467331303312,0.10005619254136758,0.039706609198165696,0.048601578250771965,-0.016234033866827303,0.07639409735777998,0.06671704423872733,-0.2843871736878272,0.05529487944383261,-0.16048631677013114,-0.12258638933168155,0.0799610694501261,-0.06546775913215694,0.07654651611863493
2022-08-01,-0.020692583068696216,0.022217594801562324,-0.10175600903027349,-0.012268351256264727,0.15128812738683675,0.02061432513845125,-0.06927877422599121,-0.05302490218565745,-0.03232125103246303,-0.07217884336276065,-0.01613356627120406,-0.03908977836411645,-0.03756134746582097,0.023787641489821345,-0.11463852382109471,0.028322859613515453,-0.06898931636292567,-0.03260868808561609,-0.09156715809155407,-0.015494628667625594,-0.017234760783119623,-0.06521758496637453,0.09580202910479266,0.09641372860339804,0.0023557692985600076,0.06605685063509706,-0.028742486987534125,-0.07971627137680688,-0.09113374342140103,-0.09185630848472118
2022-09-01,-0.08547724479772835,-0.1002097276803977,-0.06846139377639847,-0.06527347656403112,-0.13213811899959654,-0.0606982158033029,-0.03801717111336507,-0.17815587079255102,-0.092075794556162,-0.12347034432434331,-0.05674895961328397,-0.08947287087042988,-0.0892481090615939,-0.18302150123959926,-0.02127621910982009,-0.08887258933927715,-0.1157102490397313,-0.13808606242488242,-0.0025473984557360025,-0.047020669295213084,-0.12587556132282857,-0.005722886216496459,-0.09473344454658833,-0.1025051606568527,-0.06884791759370816,-0.19981003946097375,-0.09128045169779567,-0.11725280384304707,-0.10309917713728335,-0.04504844043823007
2022-10-01,0.021253485482453333,0.10980123674992513,0.10380932718737469,0.08347571217477912,0.004401411260762482,-0.002952268061779042,-0.01686620108411537,0.06864037990134805,0.08487745754913029,-0.011990146550537225,0.08094452155779712,0.06613250707123301,0.16693406164480565,-0.37598071918489423,0.07486339437978556,0.13615955797917237,-0.003311685670973367,0.009924643263214837,-0.007285656726650645,0.1063521686088018,0.10119566930053966,-0.04471265719979317,0.11027498594861616,0.009123241655120585,0.07302513704188673,-0.252244093059624,0.1041350656655833,0.08339631606373471,0.11157912853043538,0.10615942070672395
2022-11-01,0.07122564316263591,0.040802013492466614,0.161650277913983,0.09097182658868488,0.20085035708818014,0.0823620690458157,0.11088527538668594,0.1570273482000333,0.03903334113264794,0.06631590024005217,-0.00438677376214532,0.067996488030155,0.006092793754142924,0.2372133335341791,0.09305721961598261,0.00667750426861318,0.09732912989820218,-0.00030390266239637293,0.05852991688390301,0.021412291672195514,0.08170783489065352,0.13581441082826415,0.110986406572494,0.03957000578430739,0.04407415614799253,0.3632363122961277,-0.06759905018312609,-0.11423389417193262,0.1173219733977756,0.08894492610290936
2022-12-01,-0.10311364978066662,-0.013587496031267623,0.019339730479330103,0.030811462478360897,-0.06781316900731145,-0.15921688793902108,-0.045848861459436556,-0.1122466333065148,-0.06802106329841216,-0.1350743869813482,-0.08103450851327926,0.0,-0.0345350186610318,0.01878931735677832,-0.01301453699052569,0.0015944918555914499,-0.06192378300267357,-0.0640119210864865,-0.029316520058271085,-0.02027340991906128,0.027996866846924096,-0.005831000400198389,-0.017285802773181556,-0.14146082775323274,-0.1047778043219496,0.11415999192401709,-0.01494778096091632,-0.014870211955613607,-0.07477054072485767,-0.004517997951058585
2023-01-01,0.013609940064017684,-0.03798106791696294,0.004155291005402124,0.032985692334077735,-0.03641041356291914,0.17108261482604978,-0.007548469493655,0.018874033918038345,0.05183333076159804,0.11355526142124575,-0.005117112832626732,-0.03666463208821436,0.01457846627874517,0.2134237888992838,0.02480554250695881,-0.014766054169936572,0.032773545675901704,0.07909512602981134,0.03303754132427298,-0.05483637496419624,0.029498299867009047,0.05177618661868789,0.03434964428714762,0.25589738856764727,-0.0009927302530594625,0.1926206947227156,0.07050231630414312,0.083781085807649,0.04410687122981395,0.01879446237944036
2023-02-01,-0.026019055804817504,-0.011234456604502615,0.0067775510177539135,-0.02566654291887439,-0.09970575861246392,-0.0990782761658402,-0.021779362313608743,-0.18285424101454534,-0.14662738700432618,-0.09302623622501882,-0.020908788231227837,-0.02996167452715936,-0.007380217382091988,0.16069820771598037,-0.022542731212369174,0.030394937008665975,0.00897754427537025,-0.07263511445866229,-0.14352954838708407,0.014569929389012096,-0.06889682479068696,0.00865372639158038,-0.03713696614717518,-0.13007723163868182,-0.030906254889357224,-0.10342503149335604,0.029295251865485594,-0.03304008407429186,-0.07205858207458964,-0.021411105969993297
2023-03-01,-0.006225802526152911,-0.060833065780472165,0.09471086050412021,0.12389407516340044,0.023294831675898336,0.13599212884591907,0.05485091368018194,0.1190917052890519,0.08224523381156781,0.1413152496679566,0.026592262545037465,0.0491148860573498,0.05778750363279013,0.19186004220773828,0.059699243503138405,-0.018724637236932695,0.1448632441547649,0.007697216728736388,0.037859381241941145,0.05603817874481215,0.012845464417531132,0.08066879419960411,0.049108698999967525,0.09933257258243851,0.009742445472938847,0.10629271795498715,-0.12619404630596714,0.08526026078571566,0.04446058387271577,0.03796155017633962
2023-04-01,0.01267790333085296,0.05349772331513643,-0.026729126014104997,0.04919019148294358,0.027904851204141844,0.19090541213785409,0.02356388601128356,-0.038315520106592636,0.05515466959762225,0.03420984603761325,-0.07594131879733344,0.033606122888192945,0.056118687102748165,0.1256683612055268,0.036182507207313364,0.0627580529795638,0.06369292067159203,0.08068161870286202,0.08597890305416261,0.046043604396112846,0.027585119714945514,0.019893362458246175,0.0435704778319578,-0.2523344452429231,0.01572409297666016,-0.09723466230252516,0.12474289056977793,0.040976197439073006,0.05215176990666552,0.062369024135580785
2023-05-01,-0.0523529421909076,-0.15563633789866352,-0.1830885784459062,0.03459471516758394,0.2726858344095822,0.0042807490134643385,-0.09897176442996315,-0.09101956402165068,0.007140217701881281,0.1351257756237941,-0.049524298946705396,-0.07256246537179237,-0.03663950531552899,0.09670132951180187,0.045724226326593224,-0.067250395758376,0.06869130804157447,0.03219059001891633,0.0009464979849603349,-0.04576933880227542,-0.10494930857550726,-0.06598239855298411,0.038875287649635826,0.157915906346642,0.061067301399489626,-0.10840151040759453,-0.1276041329538895,0.10267766378520753,-0.0627790847650411,-0.08371490732390309
2023-06-01,0.08128702356989602,0.04591773829960799,0.06031615863710828,0.0219116081522441,0.17267585769532331,0.029659423290803257,0.03197919099895671,0.15470574611870472,0.013194066352028888,-0.02613850712823859,0.011301992347525842,0.01692995569848989,0.050887488600961074,0.08073984888858249,-0.02033501623004383,0.040373231429144396,0.036330699164647096,-0.012925620330113486,0.073837635559783,0.02257765765815852,0.09443029175972399,0.025376141248034396,0.068561975477423,0.1490959407526215,0.012921776180111156,0.07220899467885566,0.13966293538844982,0.06622523921311035,-0.031729974378866974,0.07382496523130144
2023-07-01,0.05562647602160765,0.03535606924007993,0.010173719509291235,0.12980732738919457,-0.030558013279778223,-0.08623129693992897,0.014080715854070782,0.16322794711685254,0.05000091329856456,0.10325321564521069,0.08399532121172223,0.028000073800748503,-0.01761326580489353,0.10452360871353668,0.0008701479993049012,0.0026453878655167185,-0.013659656916261816,-0.024584258996258487,-0.0088262182870166,0.012021128086315069,0.02128398315940598,0.0020479187974574054,-0.012461322331049435,-0.041385259272418894,0.10287899026301141,0.07806733208390208,-0.0066863257721043,0.03852524845744662,0.028495398072543816,-0.00637183257996835
2023-08-01,-0.06540749525233502,-0.014354361277145592,-0.0071811118270691315,-0.07155735561847125,0.3036560468839126,-0.018329583532344557,-0.0453146691702814,-0.023823458490909395,-0.12632224332629588,0.025662349730198455,-0.010641498801810608,-0.034497428772968006,-0.03660470408813813,-0.07394861609959613,-0.0013925473093206514,-0.026775253828729768,-0.022476520799309115,0.022848161747552706,-0.055595204586139514,-0.04522115508676897,-0.037393491840272915,-0.10563824484128359,-0.09746775174682953,-0.09311182650257557,-0.04261605008355589,-0.10381383476873259,0.03177491540060295,-0.07281120767112774,-0.060105893190188955,-0.05743153455396512
2023-09-01,-0.13341868925348524,-0.033168361117585345,-0.028346685097887746,-0.1561339863415158,-0.1331524854019468,-0.0504620404128605,-0.10472344933270776,-0.019419048434684155,0.003494313827417865,-0.03977599520429965,-0.056993948948055886,-0.05861027609953579,-0.06506272626454684,0.014494520804518926,-0.08087041506559035,-0.02817504037852909,-0.037330668929300426,-0.12870267033243657,-0.03044942921317359,-0.048835289399233615,-0.022931495274638815,-0.17487097879609204,-0.03369686199003752,-0.1498123322111028,-0.036066403581736815,-0.06845830816976274,-0.061503980761846315,-0.01281023627179807,-0.00864711568453111,-0.03492028557330302
2023-10-01,-0.026879109925866118,-0.05060654232575028,0.027995078080169246,-0.1098793225283532,-0.12069374850441311,0.05850591606480202,0.028546947392287074,-0.11101140788434294,0.027767119998354614,-0.05320150363833336,-0.04007002114373643,0.0090690955605344,-0.00483242766157757,0.0035245699453838515,-0.03556361910707808,-0.04573915881168568,0.06842041552598875,0.020345088389223415,-0.002902780542792822,-0.037032200474230496,-0.03764080319408406,0.06664295949144154,0.008668448941933778,0.11641039183519418,-0.0708047773968663,-0.04387591524469503,-0.1411702653023512,-0.048451873860200875,-0.030779128339767113,-0.033200785613301885
2023-11-01,0.048666915777009476,0.06577277867682854,0.10125503826380004,0.030790350912343525,-0.0236855277476816,0.12565812668990387,-0.08799499503644345,0.1475591433190785,0.11012618837243802,0.06588235207444283,0.04007002114373651,0.041868076013977955,0.07832021049366314,0.08241205207083119,0.0762723060182919,0.04550125794607331,0.11595509342525961,-0.041314329285227595,0.11950421540820831,0.03781858864538697,0.04603074215653436,-0.012782759871688323,0.056132526462749265,0.3232555239676654,0.03052384290026191,0.11739265486415908,0.12984615747275724,0.16788765026693286,0.22332132900317625,0.04279020937893999
2023-12-01,-0.028316767434279348,-0.06098852656925343,0.026501114919808853,-0.03377288609368019,0.09639297975282422,0.037743914234343194,0.03556948767644423,0.051060340614882974,-0.008733105833541567,0.05261659739615915,0.053950671507386916,0.008349742418798652,0.05074149681022292,0.07876516977339075,0.04363940097152727,-0.017915764077505062,-0.007603126505002652,0.007038781430748547,0.11059177504469972,0.009168154264035515,0.021421850463659575,0.02205450062885825,0.10174699474052719,0.20224707401067146,0.005225601185729447,-0.09653617736501048,0.14484980393641197,0.017233702740862215,0.17947364992309162,0.03989442603141327
2024-01-01,-0.039290860498570085,0.0105281478307544,-0.045592039595561504,0.20112308697987197,-0.08854658188837593,0.051892801543004616,-0.009172951931120357,0.03337408185220255,0.005612417684647919,0.0029310364103761807,-0.051458108542922175,0.009457917293548964,-0.012864572244693685,0.09732158060181254,-0.04599941052245482,-0.00546845581254569,0.05570046516857213,0.07896304524395704,0.06698938099672691,-0.007742957247738996,-0.03493575601769429,-0.06889155884209307,-0.0006399225614587054,-0.06339721201594478,0.013680650851448277,-0.0812783816296368,-0.08026438651082207,0.024427358268104583,-0.1375348146482108,-0.008994839310066413
2024-02-01,0.09265729771992641,0.009749524873904547,-0.022439780212556742,0.022543031066005057,0.49205333029229664,0.10996756829908746,0.05448442182806238,0.050618545862126406,0.015049137402430036,-0.011774934922245909,-0.049888051037173635,0.00886964241015432,0.004169382731547156,0.22922558665190954,0.07153413477707934,0.01949943121601696,0.04144752425950675,-0.08701140958693496,0.00143881328234876,-0.011507663956359798,-0.0098446553199955,0.019237093661832984,-0.005522706778342828,-0.36597815689071855,0.01752438297285219,0.0028659857122332565,0.04073954046758915,-0.11556486401251653,-0.18817120855216918,0.07168089554200266
2024-03-01,-0.1503838650678942,0.04447835947091329,0.006768491881001822,-0.10747465552150372,0.01580190185688999,0.07795867203999512,-0.013754622044279153,0.10611717003029068,-0.050056186190834365,0.08623435704926331,0.03211320934275854,0.027109377277917533,-0.03598257209727952,-0.009326714937676395,0.0030410618022151553,0.08618432672141178,0.016971454083397664,-0.0700758465727877,-0.02327375938173796,0.05683921719882242,0.03206611410356833,-0.03792357742828012,0.030111825790650602,0.040894505752414566,0.0893961020593093,0.1106982953447911,0.14917679368781733,0.010561419861965238,0.0744351708020627,0.0016600517264125235
2024-04-01,-0.07583798292264438,-0.03605190740062106,-0.018598987592726195,-0.09367152434720358,-0.15140083107325247,0.08340297900539621,-0.07378740905388353,0.06314997387833643,-0.04509627561865307,0.07558366008237524,0.0942128340839885,0.009597498030663424,-0.03211148333235096,-0.12116344899022828,-0.10352530865072856,0.004346465970032561,-0.07754042976994227,0.01184741957147821,-0.10953893280207289,0.005129415033916674,0.03559546235626374,-0.06548717677031589,-0.04637048982055737,0.2707716528517622,-0.06971348587228542,0.11416115979931937,-0.015824156553951595,-0.03900259453210801,0.01045812442994262,0.018578832951503255
2024-05-01,-0.04247792518760339,0.05327978470749263,0.07025057791320767,0.11450565749814397,0.11530121097869214,-0.009565809281048512,-0.022471258151845662,-0.039876154370863344,0.048117664375356965,0.05799754307504037,0.01618877865914703,0.01860514199533285,-0.05321497790666178,0.08178467609158478,-0.029042614615957595,0.05419949312828872,0.0659667515751684,-0.020552412376297152,0.10880284513609387,-0.017259288957595393,0.06563071257101101,-0.012290461377887512,-0.10075670547429616,-0.0019953270553670194,-0.008840427875101312,0.07004054751091066,0.12896997853814213,0.11590623321108334,-0.06985458368170001,-0.022514657164646644
2024-06-01,-0.05500817656079959,0.020535110420366657,-0.08121933220701247,0.020940316340911345,-0.3371476727419062,0.0009517828675119572,-0.06902460628322041,0.017983504121147513,0.04739879252128655,0.05558033331331121,-0.01880946833123707,0.01910575149080875,-0.009295996014948129,0.07803985355872227,-0.03868151676036155,0.006402438427534544,0.07385501621728942,0.07025982048957755,-0.02083414229488879,-0.03933796072041118,0.012435746392693401,-0.0989934974636165,0.03421994183217057,0.10062228355830273,0.02778448980001185,0.017680775530541627,-0.019956454323041533,-0.030839835382629566,0.0047842925568726685,-0.036833864006141984
2024-07-01,0.044602527960550226,0.1417419943852491,0.022950380370584667,0.11330968963343556,-0.19810491035344255,-0.14267122806535626,-0.010604873035881047,-0.18598873278299682,0.027746077229590747,-0.060013918585728465,0.026006176053687966,0.04740514443252963,0.04060211561999897,-0.06005584772984531,0.02958795674018804,0.07321380832931496,-0.06612836767518225,0.07334356075933626,0.031090669310262716,0.04586104123334325,0.1279400454596126,0.007061397808176771,-0.005414849433059976,-0.22073831817008494,-0.04825390165296222,-0.028050186673122854,0.16164592234493988,-0.03241906443476526,0.12005260905177938,0.0027891269814374646
2024-08-01,0.00947675480353555,0.05273726801579512,0.03208475614115654,0.03276234695713828,-0.20814877245374352,0.031886797744765556,0.06609677646409778,-0.03438439699669907,,-0.048737897819221006,0.06575932210325214,0.08236828189640372,0.08401159960329853,0.09338816166466823,-0.08770071351000369,0.09269147084992775,-0.001095633791792787,0.00726325052516816,-0.008784822103120744,0.0012155373297454792,0.06821680023398559,0.0625543203947601,-0.0073133102074488966,-0.3549603736233638,-0.014102637958417633,0.052042148525672856,0.04964838263206553,0.07164225734475366,0.016339128764563168,0.02058939317749157
2024-09-01,0.08099838283236555,-0.006863082055238996,0.07597792220618714,0.06810013254181102,-0.19284207489679414,0.027090435742056197,0.07070456311876702,0.041465441260806285,,0.016331175683878863,0.029633222565931063,-0.0016207505968843714,0.05925647140950778,0.09451650702408299,0.1015978183376436,-0.032658403905225904,0.03106060321722,0.12326322730138312,-0.01650718711809785,-0.008919273525583542,-0.004292686287053401,0.06151072449209853,0.04548685998040126,0.13593745506438776,0.06816443856854115,0.13280961782047676,0.08662685185633394,-0.05073689519216618,-0.022159118347836078,0.03488673106998051
2024-10-01,-0.11102240274651584,-0.04472505782780566,-0.11024997199463818,-0.15645222883107116,-0.041672718399676796,-0.03263361250962624,-0.12249703723221315,-0.03889720023977374,,0.031222894290791073,-0.1288161735321698,-0.09557474058569335,-0.04157348196161302,-0.008526137304634345,0.009728300731637007,0.06485682849705256,-0.0572676755684568,-0.13926210986420923,-0.007535801529281035,-0.02362304904754539,0.08900005116342621,-0.19920684918443107,-0.0362854339681774,0.1279081403475025,-0.10355563894544834,-0.05930556458287635,0.09034689120010696,0.05079869840518866,-0.0262375638566565,-0.0631509157205561
2024-11-01,-0.04529845400072964,0.08122940951092997,-0.09851552036247799,0.16418080306841995,-0.05571230915607915,0.09812623402875514,-0.039426964703185026,0.14060333225403213,,-0.012703900888382979,-0.00914631445907625,-0.01145677880575411,0.013262854849468285,0.011804973035040205,0.045458169307984145,0.05848374519914123,0.043243861174172685,0.009532977852060752,0.10270942383645078,-0.01596234185675418,0.002709156009881434,-0.07780849818600497,0.0008622297804271773,-0.029205198249777742,0.04060951107613422,-0.011752383649203915,0.2704908781511883,0.15259477299386523,0.1148985311870639,0.05762411704124402
2024-12-01,-0.09749830863040344,-0.02327969270056431,-0.07185151827207895,-0.06905390448979744,-0.07705948528104685,-0.020030241557536296,0.06306603475111387,-0.12288044224714124,,0.11487565744645235,-0.016366061234633304,-0.028813197538749186,-0.014894116226968231,0.020102736865937828,-0.047738651671656564,-0.07988474823261188,-0.004639404435525941,0.11376917386908715,-0.0013660757920411057,-0.06375324713246219,-0.08935152145982758,-0.00044476364593831925,-0.056863803995781434,-0.09218213206800976,-0.08642673984326919,0.030160743888123953,-0.028317523730729127,-0.0230907696405164,-0.04073452636520838,-0.03017491434437231
2025-01-01,-0.14024926473436605,0.08747042753206237,-0.017935005260160262,0.042177666942070396,-0.053013215735920806,-0.032872758498632054,-0.057968446269426724,0.06760700892172464,,0.07488502403618919,0.006645204832908159,0.019405804173047506,-0.004113652616634624,0.16301921221066662,-0.07607107128143713,-0.001148011540001633,-0.015396698632693532,0.044709460660414715,0.11115365352900958,-0.00905044585349537,0.07866747603416792,0.01763714779374483,-0.057465211720263594,0.047152841110855284,-0.20077117118429222,-0.003013158221845237,0.05880243810503769,0.007738303664963623,-0.015635148087271622,-0.027659989013625836
2025-02-01,0.003024910877555434,-0.018073693778160288,0.1961873943859021,0.09706609064340724,0.02802634553810847,-0.07803097333338181,-0.08252262753757236,0.08652331115644951,,-0.18077396002089613,0.04328625658654286,0.11490830927401971,0.06578257078457596,-0.030914802741709557,0.11506491352049764,0.06701249925049789,-0.0425088924859066,0.3089124469559121,0.12785782230518594,0.01828045226162964,0.17615832050092936,-0.05895970413840829,0.05853855434094854,-0.096639669198325,-0.02382744939932132,0.15015498761036386,0.09795950518697372,0.13338315110495633,0.009182071984451654,0.18556587217453088
2025-03-01,0.031123516073936174,0.0791420412512231,0.028337950542878798,-0.009469449029192561,0.32680541596479157,-0.07221416743608046,-0.037736780969773516,-0.059715895556156626,,-0.09519328334729561,0.02740424900647744,0.01309361051446269,0.01877479948438084,-0.1469657884038624,0.0684193414307906,0.08985962325704129,-0.05594541608901748,0.008384453928395368,-0.07069429195630064,-0.014467377554382935,0.030762911535968895,-0.08562147740746677,0.03024265970057545,-0.1628059103403304,0.04468454870200544,0.03555578339602309,-0.16650621523378814,-0.022566116428685282,0.044508613809964834,0.006311397538531937
2025-04-01,0.02617183197895276,0.05135386258910963,0.0667594799648286,0.1549600431854226,-0.018702723275643228,0.006155114730679201,0.06671897114525978,0.06513002217815961,,0.026545762926023075,0.010754202823010877,0.012901619884436891,0.02303840959828953,-0.04863420606975931,0.02697396314411649,-0.014601192670344765,0.0515781291120261,0.041323165404911544,0.19371054485421307,-0.10067339336489142,0.07656201916777297,0.0911694372799692,-0.03419154244436808,-0.09004279059546189,0.02717487720457353,-0.04452300678452393,0.03211671120335552,0.11848513926133473,0.054323724301233084,-0.04497184847999727
2025-05-01,-0.04400815264415735,0.03718740841610819,0.08589826288139173,0.030056879038148302,0.08021877191573559,-0.008747543188892922,-0.027146040138273986,-0.03433265255432188,,0.07833624824745318,-0.026957382616333018,-0.006221930432245416,-0.01831140481825707,0.1650049148908504,0.0617589928367154,0.024383230599485762,0.15429913189397754,-0.09892394394657367,-0.019380432743475107,-0.03093534419583,0.05246260497386919,-0.04575204180888754,0.10332430132936322,0.03578419569796483,-0.05058064607435549,0.03657017403660194,0.19129587978675439,-0.030637768196441793,0.11528192520143934,-0.03927441080085644
2025-06-01,-0.20615179683046417,0.061744783530359115,-0.025430524883762934,0.14040546963099146,0.2026606090914712,0.11440494500506314,-0.07799623582126157,-0.046381938379050955,,0.027018044503984956,-0.011297435839582988,-0.011816756841659079,-0.06592373629941704,0.13173166625040394,-0.02069749801635231,-0.016012205339203073,0.07740597943925194,0.12408426450391376,0.16139304424587553,0.015391066812648431,0.015992165475970425,-0.03336895209402512,-0.06495190643201618,0.05195969064340273,-0.09162646565975471,0.027028696157104074,0.020329725811149953,0.0706708288443185,-0.11579690647298917,0.029030982953492414
2025-07-01,0.06961199676404042,0.12589605365528192,-0.17530325769155183,-0.28495679370426025,-0.02289425716189078,-0.26962116668754904,-0.029077950451028706,0.027600442363352767,,0.08518445994621869,-0.012479261237053604,-0.041263697508364665,0.026679857790516175,0.04678229959789357,-0.06411288891448033,0.05491959209510544,0.07004426426538927,-0.10467836744514959,-0.13436439798601932,0.043568878606724246,-0.10454952099080761,0.05858237860285158,0.023407762445412126,0.08172323801759827,0.032266156502700254,0.08282956865341175,0.09041502138428403,-0.08648373754346575,-0.05278417700253267,-0.027573094874897053
2025-08-01,0.037085363363356126,0.058079161458403146,0.0831458185432288,0.061081964204455996,0.327038516662719,-0.01740814777980754,0.13252275547006165,-0.010656618387157334,,0.10389517252448006,-0.11545048347570622,0.01607266000285855,0.04391115956973831,-0.04595623245255935,0.06043436347675634,0.08165595325831702,-0.04991704167914593,0.060734037452089794,0.061856362747886445,0.0749207349151917,0.018600685865999795,0.09960067192509107,-0.06908753222260439,-0.2781833713555942,-0.03100735921552643,0.10194373938316664,0.18204019569115695,0.04623634289483264,0.02680836492169931,0.01937398108470864
2025-09-01,-0.09257943234530745,-0.06931937381377357,-0.05005948085888733,-0.01399658479154967,-0.08961711627651284,-0.07257581672247627,-0.15858691345197773,-0.05591330219065561,,0.13349736952472133,-0.1223516797321378,-0.03183011701564392,-0.025599912686642412,-0.005190545156953851,0.07558326125051866,-0.0012269085578949408,0.02197941795703328,-0.03261476415992154,-0.04579554744737914,-0.047079217240896636,-0.02994188761376589,-0.15721339212101096,0.022340796679828898,0.0768054348709684,-0.18439858711498983,0.09297594047862812,-0.005717493556594602,0.1021573051905112,-0.0014309136758496872,0.03849465387461703
2025-10-01,0.005523875759232799,-0.02184513327349019,0.021409788629867494,-0.028594812198499093,0.046559510624365884,-0.21242038661427723,-0.00976556696096916,-0.08014698504022852,,0.1455575697673263,0.06267476348639878,0.038164849029800996,-0.018130425528684612,-0.12459591721470073,-0.007156668829871304,-0.15844890138473147,-0.00027041301126510506,-0.0681536733334235,0.0046751080880744365,0.03944243718502178,-0.10737491799787867,-0.0020471138639150043,0.02387860417999929,0.011605565625768607,-0.01691540131870414,-0.04540774610610871,-0.09500672221284791,-0.0077322099917069365,-0.0820765088435328,-0.09510623920308178
2025-11-01,0.06228668176401757,0.1362138308627577,0.010291643295834818,-0.07166821181993446,-0.3860630127662181,0.08553768892066288,-0.005225862658529459,0.05176633946050024,,0.12985290538168615,0.026881398101379107,0.0594457943760482,0.04389063327021904,-0.0006171789209849846,0.11520263390475453,0.045592323761642246,-0.04923939521327821,-0.06051572628481351,-0.013145761333054045,0.017976899621143395,0.08719601563962485,-0.07940247736621825,0.09712144185694425,-0.015504233340894603,0.03735112493852286,-0.029052702233403824,0.10807092837596913,-0.04100561640960137,0.04022180873237682,0.10303523375451894
2025-12-01,-0.09839626691564801,-0.022172967788284068,0.039983112045945214,-0.0551247897326741,0.11086567860130296,0.0693790331681726,-0.06005854609730017,-0.0026804270642409073,,-0.022026337538371688,0.003934876716681198,-0.037894062896191294,-0.014067963014920595,0.019377965230263333,0.022155730862092753,-0.005007487218993903,-0.017199589488821224,-0.0953787117629086,-0.22716861100408167,-0.025991951439750454,0.02745166663201885,-0.05003892728994622,-0.0503290772177017,0.04953391965793608,0.011518857596137421,-0.032009876393017014,0.07974735421663007,0.0396785422806453,-0.00018949351018697304,-0.007952719562472125
